1168342.32045472,0.558737155772111,45871.9365792328,0.414740638152433,empb,psi,div,6400,30
1245622.27017937,0.576920114068759,47169.9632963059,0.420567610664791,empb,psi,div,6400,31
1439733.70390612,0.620245446114929,61636.7643983142,0.480754070704993,empb,psi,div,6400,32
1527276.71346921,0.638824205660808,66137.9555497334,0.497998961320962,empb,psi,div,6400,33
1317386.59215124,0.593306516116504,51079.7447142375,0.437650483942524,empb,psi,div,6400,34
1180222.54554818,0.561570714898744,42413.6993919663,0.398800901141918,empb,psi,div,6400,35
1337109.12543903,0.597731199310623,53728.5110832201,0.448854368988196,empb,psi,div,6400,36
1224087.84668616,0.571911450197741,46736.4968411297,0.418630756275502,empb,psi,div,6400,37
1306692.61155364,0.590893504989971,52165.0471897051,0.442275473666135,empb,psi,div,6400,38
1214110.09268232,0.569575805798401,47332.865833523,0.421293204628138,empb,psi,div,6400,39
1358020.86320096,0.602387178547727,53282.7073053803,0.446988341279138,empb,psi,div,6400,40
1515721.22099656,0.636402920648366,65525.1460651702,0.495686456378034,empb,psi,div,6400,41
1374376.01582764,0.606003709253441,55225.9426131221,0.455066245171323,empb,psi,div,6400,42
1122603.0208927,0.547690996799857,44174.9146258564,0.406996723907728,empb,psi,div,6400,43
1250175.18274594,0.577973511665191,49522.1559240461,0.430926126503246,empb,psi,div,6400,44
1106759.64997405,0.543812463987242,40722.544440768,0.390769363015783,empb,psi,div,6400,45
1348582.59639891,0.600290228454838,56078.1913169961,0.458564101289034,empb,psi,div,6400,46
1534538.35929398,0.640341093224763,66051.5498815603,0.497673550625215,empb,psi,div,6400,47
1362160.28146489,0.603304555922662,54573.8856346606,0.452371766888919,empb,psi,div,6400,48
1190511.72944152,0.564013290492103,46749.9244945451,0.418690889419722,empb,psi,div,6400,49
1276389.60499153,0.5840017222601,53051.5625794301,0.446017751587457,empb,q,div,6400,30
1184618.00879891,0.562615462564416,47119.6142665166,0.420343094645819,empb,q,div,6400,31
1467607.89489834,0.626220842655289,63660.6960451567,0.488583442715158,empb,q,div,6400,32
1176636.36664438,0.560716882195093,47884.6203852371,0.423741576873693,empb,q,div,6400,33
1303683.4662414,0.590212736896439,54713.5781893449,0.452950363959899,empb,q,div,6400,34
1203892.24572137,0.567173991059504,48246.715385308,0.425340688813113,empb,q,div,6400,35
1309022.33672463,0.591420027603792,54342.3259958372,0.451411029037528,empb,q,div,6400,36
1263127.96319101,0.58095992220277,52000.3422402321,0.441576705484615,empb,q,div,6400,37
1241133.18128857,0.575879596677351,50065.447003944,0.433283452289545,empb,q,div,6400,38
1322873.94615344,0.594540891696391,58475.8823183551,0.468264727873888,empb,q,div,6400,39
1263493.33649316,0.581043940569654,52560.0684084094,0.443946886870699,empb,q,div,6400,40
1280383.95012492,0.584914798597263,52558.3770646607,0.443939743873597,empb,q,div,6400,41
1287771.52818845,0.586599796546452,53464.3351233494,0.447749530541309,empb,q,div,6400,42
1158258.12160049,0.556320643424628,47307.4512714228,0.421180086398965,empb,q,div,6400,43
1240792.53097924,0.575800561232828,49152.3802612391,0.429314276606045,empb,q,div,6400,44
1083786.65150819,0.538138913333445,42586.4030197387,0.399612011628218,empb,q,div,6400,45
1282728.33412018,0.585450043423441,52035.6648506345,0.441726656363591,empb,q,div,6400,46
1314869.23683623,0.592739379064725,54091.0076618457,0.45036599336622,empb,q,div,6400,47
1388950.08271588,0.609208308305005,56809.8899394823,0.461546038733791,empb,q,div,6400,48
1195052.87871468,0.565087967317816,48428.6437448992,0.426141870022525,empb,q,div,6400,49
786153.261199793,0.458327703383039,28159.0567659294,0.324946681146277,empb,rel,div,6400,30
1209549.13873594,0.568504958362249,52449.9089053717,0.443481413541634,empb,rel,div,6400,31
993835.938771722,0.515323380789377,39705.229957286,0.385857469489047,empb,rel,div,6400,32
1035419.74252326,0.525993914156412,42042.9083168861,0.397053866334091,empb,rel,div,6400,33
1083297.0135225,0.538017338196659,43619.4077379768,0.404429602181398,empb,rel,div,6400,34
1176778.10799863,0.560750654046415,51531.2652815184,0.439580538848034,empb,rel,div,6400,35
1303345.09966205,0.590136138078503,58323.8119884763,0.467655455083737,empb,rel,div,6400,36
1237040.71866799,0.574929371615018,55018.0937675342,0.454209092243357,empb,rel,div,6400,37
951249.70896712,0.504161603393519,38911.9361783003,0.381983386320319,empb,rel,div,6400,38
990463.681143429,0.514448347090503,40227.1507764658,0.388385216570014,empb,rel,div,6400,39
1149630.86240061,0.554244900106712,46086.1378365675,0.41570783624672,empb,rel,div,6400,40
1195688.35509703,0.565238191771427,51577.4458800497,0.439777463435917,empb,rel,div,6400,41
1118651.30429628,0.546726173261769,45456.9307376811,0.412860285308839,empb,rel,div,6400,42
1003435.8004588,0.517806257485561,39471.5993078203,0.384720577275255,empb,rel,div,6400,43
1129982.84242501,0.549488266553502,46683.9593430372,0.418395394208897,empb,rel,div,6400,44
962756.631073899,0.507201766960301,37692.4559147143,0.375950158075042,empb,rel,div,6400,45
1005345.99496274,0.518298885107139,42154.3165123826,0.397579588638053,empb,rel,div,6400,46
1102147.76315655,0.542678243150167,45160.9946413068,0.41151417850806,empb,rel,div,6400,47
1188055.23583697,0.563431099468609,49520.4354003258,0.430918640711803,empb,rel,div,6400,48
1027748.97384058,0.524041914370726,41045.7835220218,0.392317182144602,empb,rel,div,6400,49
1966887.81453146,0.724957076447496,89767.9727114948,0.580181347889953,empb,psi,uvq,6400,30
2007836.81770126,0.732464710126375,91609.4634449858,0.586102027503611,empb,psi,uvq,6400,31
2140153.74267285,0.756214473173346,94572.1922873299,0.595504136155483,empb,psi,uvq,6400,32
2120889.68522626,0.752803342200674,91974.219423016,0.58726769221687,empb,psi,uvq,6400,33
2529351.50536978,0.82210462678948,118055.775562929,0.665344656459475,empb,psi,uvq,6400,34
1652598.55353761,0.664517133067123,62484.1618084302,0.484047552104563,empb,psi,uvq,6400,35
1610796.67715328,0.656058944794301,56783.8896562066,0.461440408348556,empb,psi,uvq,6400,36
1785805.1755974,0.690779653532584,85428.8922295184,0.565985677606327,empb,psi,uvq,6400,37
1851933.19837335,0.703453115006458,76651.9867617914,0.536123398528562,empb,psi,uvq,6400,38
1908573.97715045,0.714129539247061,76178.5992584559,0.534465338587256,empb,psi,uvq,6400,39
1839014.04855284,0.700995164229177,71317.523060584,0.517131722514894,empb,psi,uvq,6400,40
1985512.72788657,0.728381381858999,89527.1083921941,0.57940245733642,empb,psi,uvq,6400,41
1859609.56332928,0.704909533258108,73897.6130645463,0.526402883204814,empb,psi,uvq,6400,42
1976703.18149139,0.72676370323234,82785.7214612187,0.557161081804712,empb,psi,uvq,6400,43
2062795.12112765,0.742421510421177,93657.2302762894,0.592616458937467,empb,psi,uvq,6400,44
1736937.93460861,0.681262758470715,71634.9902301481,0.518281440291274,empb,psi,uvq,6400,45
1848019.46281967,0.702709409571542,85320.7235960775,0.565627243313726,empb,psi,uvq,6400,46
1591480.45756364,0.652113443840463,62733.386254599,0.485011927925426,empb,psi,uvq,6400,47
2434223.13570006,0.806496879711896,109277.840428295,0.6401313631172,empb,psi,uvq,6400,48
1729021.90331971,0.679708570572206,65237.9684723158,0.494599039071022,empb,psi,uvq,6400,49
1695527.10199066,0.673092678562045,58602.764299348,0.468772477045783,empb,q,uvq,6400,30
2163920.72272803,0.760401861804087,92539.2833925742,0.589068934381078,empb,q,uvq,6400,31
2313898.13020939,0.786311479661664,109738.667732684,0.641479667898712,empb,q,uvq,6400,32
2256649.8391417,0.776523469547082,97324.7214004491,0.604108071781869,empb,q,uvq,6400,33
2318676.26454253,0.787122916485774,105403.24205225,0.628680570604298,empb,q,uvq,6400,34
1815465.79569272,0.696492644132465,62430.7139481914,0.483840484905467,empb,q,uvq,6400,35
1782099.41869447,0.690062556592795,60853.133711857,0.477688215954127,empb,q,uvq,6400,36
1771478.70721299,0.688003213711511,54530.3621468632,0.452191344293565,empb,q,uvq,6400,37
1820585.79200412,0.697474080706607,64431.1272700867,0.491531006366954,empb,q,uvq,6400,38
1870513.71857787,0.706973194454097,57135.097473544,0.462865210914989,empb,q,uvq,6400,39
1850531.80568007,0.703186906532278,60547.3956259606,0.476486705226897,empb,q,uvq,6400,40
1672144.85767496,0.668435408508138,67942.5886500646,0.504747409665285,empb,q,uvq,6400,41
1954092.55870636,0.722595186171693,64916.9274621978,0.493380558397985,empb,q,uvq,6400,42
1521485.24237658,0.637611836637479,48165.015311675,0.424980404292298,empb,q,uvq,6400,43
1793182.17136667,0.692204956483417,63745.9077506122,0.48891032498755,empb,q,uvq,6400,44
1463356.45266147,0.625313150399979,47419.0165192543,0.421676428819457,empb,q,uvq,6400,45
1929753.2572682,0.718080924268546,72245.6471889246,0.520485813722582,empb,q,uvq,6400,46
1963471.24625654,0.724327162054251,61625.3706537474,0.480709634220574,empb,q,uvq,6400,47
1886742.20073613,0.710033403025437,62968.6318631675,0.485920456615303,empb,q,uvq,6400,48
1746259.61546592,0.683088389743383,53855.056388244,0.449382645373495,empb,q,uvq,6400,49
2314351.19219882,0.786388455912688,79679.024012539,0.54660683360656,empb,rel,uvq,6400,30
3342765.29743401,0.945094946666671,118147.300384518,0.665602516579714,empb,rel,uvq,6400,31
2526438.27340306,0.821631052537694,106705.608595964,0.632552647190467,empb,rel,uvq,6400,32
2374507.98842936,0.796543166282059,98301.4283676019,0.607131782514007,empb,rel,uvq,6400,33
2935282.52502523,0.885620076305666,110794.386110309,0.644557894140529,empb,rel,uvq,6400,34
2401205.83716641,0.80100862746065,71892.246625692,0.519211235382295,empb,rel,uvq,6400,35
2430191.42831214,0.805828718512136,87449.4657150901,0.572639938247614,empb,rel,uvq,6400,36
2723356.81728441,0.85305055916508,82167.4879814285,0.555076778323379,empb,rel,uvq,6400,37
2171199.61158617,0.761679689107171,68219.9168174261,0.505776499992382,empb,rel,uvq,6400,38
1933887.31626269,0.718849675587151,64582.4996843778,0.492108061191341,empb,rel,uvq,6400,39
2360084.69290997,0.794120290241972,84823.5893313503,0.563976979036907,empb,rel,uvq,6400,40
2585396.03533628,0.831162685871615,75141.6596956488,0.530815316334985,empb,rel,uvq,6400,41
2827236.31071969,0.869167649630736,79601.0458007042,0.546339298596601,empb,rel,uvq,6400,42
2431978.2327156,0.806124907881889,80012.1454338154,0.547748266549289,empb,rel,uvq,6400,43
2630264.65666849,0.838343928140719,81200.8027395671,0.551801930206803,empb,rel,uvq,6400,44
2197708.43266458,0.766315369237861,68459.9413964452,0.506665479357765,empb,rel,uvq,6400,45
2675867.00379382,0.845580113711376,95564.7076154579,0.598620825768999,empb,rel,uvq,6400,46
2501031.91772917,0.817489372844362,77851.0852621881,0.540300525017038,empb,rel,uvq,6400,47
2533074.14507993,0.822709381426221,88655.0462822715,0.576573641525849,empb,rel,uvq,6400,48
2461472.64924649,0.8109984156813,67842.7237699186,0.504376323748401,empb,rel,uvq,6400,49
1224911.2477961,0.572103770282928,42199.0118101175,0.39779030525955,empb,psi,grad,6400,30
1174281.91931708,0.560155604521578,37267.4003068143,0.373824364061877,empb,psi,grad,6400,31
1114995.78236054,0.545832148057925,34294.282835566,0.358602998495915,empb,psi,grad,6400,32
1336293.06046861,0.597548767699925,46802.6417728373,0.418926890070752,empb,psi,grad,6400,33
1112073.25847712,0.5451163363082,34723.6792812689,0.360841036911545,empb,psi,grad,6400,34
1104227.8597473,0.543190103307594,34055.3003808516,0.357351337260296,empb,psi,grad,6400,35
1290194.42722388,0.587151371169487,47520.8637599681,0.422129027252656,empb,psi,grad,6400,36
1116460.54735236,0.546190559016412,35550.0301054975,0.365109421945651,empb,psi,grad,6400,37
1178037.30290066,0.561050585517985,38295.0627753348,0.37894348678059,empb,psi,grad,6400,38
1174198.64125124,0.560135741530571,38029.2986417368,0.377626281404169,empb,psi,grad,6400,39
1221565.80109803,0.571321978423185,42205.0121287547,0.397818585349985,empb,psi,grad,6400,40
1324105.61999204,0.594817603659239,47904.6104401309,0.423830015849053,empb,psi,grad,6400,41
1242802.24803992,0.576266685900224,43845.2696040884,0.405475321138296,empb,psi,grad,6400,42
1273697.39566733,0.583385497865815,43957.2539946288,0.405992799430235,empb,psi,grad,6400,43
1203572.61953069,0.567098695410374,38182.5316798732,0.378386309228741,empb,psi,grad,6400,44
1213118.92595197,0.569343265166657,42164.4573060793,0.39762740734886,empb,psi,grad,6400,45
1336118.03589265,0.597509633640337,47973.7091430387,0.424135576743433,empb,psi,grad,6400,46
1196314.90760442,0.565386267573226,39723.600259175,0.385946720936715,empb,psi,grad,6400,47
1246101.80826066,0.577031154369544,41545.5216201995,0.394698214729623,empb,psi,grad,6400,48
1322902.6362111,0.594547338765679,48268.4906749625,0.42543666293086,empb,psi,grad,6400,49
1128689.94755985,0.549173822005468,36985.7576006837,0.37240912475723,empb,q,grad,6400,30
1206162.16738695,0.567708438491897,43736.9167521912,0.404973994715963,empb,q,grad,6400,31
1237139.40891269,0.574952304889522,44614.8247766376,0.40901821569559,empb,q,grad,6400,32
1203653.73546609,0.567117805169668,42840.4785764784,0.400802305357458,empb,q,grad,6400,33
1497057.83690719,0.632472705403034,61885.9803120988,0.481725006654578,empb,q,grad,6400,34
1308000.53785815,0.591189156719586,48791.8776822208,0.427737000670004,empb,q,grad,6400,35
1482978.68530847,0.629491620093328,61045.5858845936,0.478442980407086,empb,q,grad,6400,36
1215787.89481791,0.569969223818833,41940.259424853,0.396568861265242,empb,q,grad,6400,37
1279144.09092266,0.58463152901815,43548.5293018977,0.404100883917575,empb,q,grad,6400,38
1631645.0940101,0.66029095527298,73790.8488406235,0.526022483169809,empb,q,grad,6400,39
1323099.27298592,0.594591524000446,49017.0448585434,0.428722835568596,empb,q,grad,6400,40
1323571.244214,0.594697564822794,49724.5882402216,0.431805979245628,empb,q,grad,6400,41
1327169.27029853,0.595505335902566,49415.9016161013,0.430463582583969,empb,q,grad,6400,42
1223018.60645211,0.571661613418675,42538.9669359585,0.399389389979764,empb,q,grad,6400,43
1297495.76568611,0.588810401302234,48729.2360155391,0.427462336470027,empb,q,grad,6400,44
1312234.94700409,0.592145316121087,50690.7228093962,0.435980731756849,empb,q,grad,6400,45
1186130.61124118,0.5629745412005,39593.1634995742,0.385312550910856,empb,q,grad,6400,46
1087735.8805695,0.539118488652921,35896.9254679282,0.366886456881311,empb,q,grad,6400,47
1247553.38786129,0.577367147326853,45319.3692826881,0.412235114483198,empb,q,grad,6400,48
1282597.72371806,0.585420236717632,45099.705843807,0.411234847060583,empb,q,grad,6400,49
1081697.25394278,0.5376199326956,30198.802972136,0.336509956384666,empb,rel,grad,6400,30
1060069.20559045,0.532218060410687,32740.5369836762,0.350385360884295,empb,rel,grad,6400,31
1047425.25122599,0.529034528892108,31365.2200094435,0.342947169755095,empb,rel,grad,6400,32
1112781.93162926,0.545289997433806,30008.7777655635,0.335449545390229,empb,rel,grad,6400,33
943482.60556069,0.502099105236726,28381.6790269084,0.326228647889953,empb,rel,grad,6400,34
1008872.31460411,0.519207073764452,26536.162804018,0.315443886910045,empb,rel,grad,6400,35
1114582.33096102,0.545730938710947,32708.3475385105,0.350213074706661,empb,rel,grad,6400,36
972872.533635605,0.509859446068083,30268.8244195238,0.336899860436641,empb,rel,grad,6400,37
1000045.13576476,0.516930669299509,30411.446342205,0.337692637155508,empb,rel,grad,6400,38
1052976.44506661,0.530434577429979,32272.6327949436,0.347872623329222,empb,rel,grad,6400,39
1043319.62966196,0.527996675271357,33913.8177111075,0.356608257007505,empb,rel,grad,6400,40
1032373.17009622,0.525219513692353,28373.4672519466,0.326181450011997,empb,rel,grad,6400,41
931595.861044989,0.498926157726822,25962.873277152,0.312017843407722,empb,rel,grad,6400,42
1112331.40782146,0.545179602490596,31952.7647354403,0.346144372086384,empb,rel,grad,6400,43
1033548.67456639,0.525518447379845,31408.3170263335,0.343182700167061,empb,rel,grad,6400,44
909308.699751726,0.492921965647094,24525.6538529616,0.303258757476497,empb,rel,grad,6400,45
1023165.99207564,0.522872193944172,31132.3147596356,0.341671504742019,empb,rel,grad,6400,46
963457.774182715,0.507386422297424,28783.608207626,0.328530482324775,empb,rel,grad,6400,47
1039718.64842476,0.527084706648763,33440.2718906324,0.354109806433576,empb,rel,grad,6400,48
1000143.80044369,0.516956168918861,26858.310045163,0.317352844574964,empb,rel,grad,6400,49
878592.434381169,0.553172558129259,29293.1512249856,0.393737284911654,em,psi,div,6400,30
1059192.46534847,0.607371401736836,40407.481603001,0.462438929672153,em,psi,div,6400,31
1258626.29386117,0.662087361819323,54955.1846986135,0.539296785049195,em,psi,div,6400,32
1014884.96402219,0.594532098537037,35936.4477962534,0.436105002590052,em,psi,div,6400,33
950331.580427399,0.575313385432332,32807.5028410759,0.41668712626872,em,psi,div,6400,34
889978.125041448,0.556745305716002,28906.7093134459,0.391131526546013,em,psi,div,6400,35
1049152.90603268,0.604486062354671,38351.1057557048,0.450518303987321,em,psi,div,6400,36
943581.064582213,0.573266424382648,33157.1309932493,0.418901550573702,em,psi,div,6400,37
1043573.87299457,0.602876695868591,38696.5134506098,0.45254254390736,em,psi,div,6400,38
962592.741334116,0.579012832584415,33715.3063579392,0.42241278130041,em,psi,div,6400,39
966581.477414537,0.580211232332279,34995.8158826475,0.430359661141198,em,psi,div,6400,40
1072616.74531156,0.611208216975796,41525.9941610633,0.468795586855153,em,psi,div,6400,41
1039112.11566576,0.601586528072777,37598.0726588953,0.446073359322166,em,psi,div,6400,42
2309686.52530437,0.896898748801254,139297.531452727,0.858608543331663,em,psi,div,6400,43
999333.891683332,0.589959509729408,36139.4550857067,0.437335060378151,em,psi,div,6400,44
947591.966950873,0.574483530938833,32512.318363057,0.414808325931895,em,psi,div,6400,45
1045604.54967527,0.603462975717194,37791.3683594585,0.447218544681272,em,psi,div,6400,46
1280610.15848382,0.667844523659917,54772.3710921973,0.538399026991437,em,psi,div,6400,47
976872.563130008,0.583291776786463,34551.6098093099,0.427619635198739,em,psi,div,6400,48
954012.70924558,0.576426552589229,34638.8998287106,0.428159456365109,em,psi,div,6400,49
858942.659718652,0.546951709625645,28621.0222441087,0.389193936941512,em,q,div,6400,30
922236.356990284,0.566745417740191,35007.3470053169,0.430430557064015,em,q,div,6400,31
1069134.52539503,0.610215275339554,42554.1246895986,0.474563493354994,em,q,div,6400,32
932220.750635726,0.569805032676838,33006.8536507731,0.417951183332647,em,q,div,6400,33
909726.468257017,0.562888418528121,32432.0183069013,0.414295755220307,em,q,div,6400,34
941626.670940108,0.572672427189313,34311.9542722927,0.426134035254659,em,q,div,6400,35
1041317.56211212,0.602224603407954,42236.9690663761,0.472791726576148,em,q,div,6400,36
981370.01689451,0.584632952402338,37016.4605890978,0.442609713365304,em,q,div,6400,37
1140347.5868741,0.630210336075128,45802.2354509125,0.492341940311712,em,q,div,6400,38
957516.517460432,0.577484105092518,34592.6401923852,0.427873461168009,em,q,div,6400,39
1024623.23777284,0.597377688945677,37490.7288395668,0.445436126604569,em,q,div,6400,40
1096816.62453577,0.618064657227125,43827.5535374375,0.481611789797437,em,q,div,6400,41
1032416.3865998,0.599645173411811,39979.1754353452,0.459981549313108,em,q,div,6400,42
994465.999839603,0.588520868971872,37270.0131805103,0.444123003886157,em,q,div,6400,43
1130176.01234009,0.627393392388024,44674.9389726188,0.486245370362387,em,q,div,6400,44
773025.911002754,0.518876406296574,25339.6172687237,0.366204368610404,em,q,div,6400,45
948739.329427628,0.574831223545731,34353.6958542023,0.426393159263113,em,q,div,6400,46
1037383.26518184,0.601085866927176,39719.2441791997,0.458483787596074,em,q,div,6400,47
1105494.59298785,0.620504891173802,43186.0830112413,0.478074305711494,em,q,div,6400,48
994995.763031848,0.588677603934968,39201.7705878741,0.455487367562048,em,q,div,6400,49
784590.037467427,0.52274308006458,26972.6654677723,0.37782042168515,em,rel,div,6400,30
1040786.9603705,0.60207115255354,43796.0231080038,0.481438517991399,em,rel,div,6400,31
930571.224802393,0.569300686323754,34112.0245480455,0.424890717413289,em,rel,div,6400,32
1027748.42692582,0.598288022035162,41183.9240321672,0.466860743627123,em,rel,div,6400,33
912145.558164677,0.563636321177207,34206.0985749622,0.42547619513197,em,rel,div,6400,34
943759.616786845,0.573320660921489,34946.3189041367,0.430055209884145,em,rel,div,6400,35
1057590.77071607,0.606911999127576,43540.7197379211,0.480033224569033,em,rel,div,6400,36
881167.304152431,0.553982549880725,33528.7796861754,0.421242681760035,em,rel,div,6400,37
845922.841105437,0.542790544608563,31712.6269282748,0.409675134182865,em,rel,div,6400,38
970228.333025069,0.581304753446507,37513.4050985956,0.445570817211974,em,rel,div,6400,39
945083.995323502,0.57372279053791,34131.4649171502,0.425011772319538,em,rel,div,6400,40
914405.643315931,0.564334169211822,34658.7100215201,0.428281872334685,em,rel,div,6400,41
992596.836312502,0.587967527213711,38601.3472346825,0.451985733116092,em,rel,div,6400,42
916989.678115022,0.565130987541499,36072.7904391016,0.436931509125251,em,rel,div,6400,43
987040.319100658,0.586319508293156,38916.0968723287,0.453824704236238,em,rel,div,6400,44
896462.215858772,0.558769757536526,34190.9711446646,0.425382102652548,em,rel,div,6400,45
920176.278318737,0.566112069859041,34282.1904510955,0.425949170690177,em,rel,div,6400,46
907489.762513934,0.562196017775084,33636.4706385121,0.421918633259559,em,rel,div,6400,47
925093.670933796,0.567622696764571,34027.3373182824,0.424362968342732,em,rel,div,6400,48
952472.329590756,0.575961006150757,36644.9058214097,0.440382751235129,em,rel,div,6400,49
916921.883323712,0.565110096550881,28581.8328380111,0.388927393284401,em,psi,uvq,6400,30
994258.714672919,0.588459530522871,31053.450752686,0.405395038353841,em,psi,uvq,6400,31
844181.349299141,0.542231538371125,24979.1290390808,0.363590176697276,em,psi,uvq,6400,32
886052.851338116,0.555516178480947,23616.9264133037,0.353537253391541,em,psi,uvq,6400,33
1033347.82133537,0.599915609077397,35838.336857796,0.435509285472036,em,psi,uvq,6400,34
919239.671589761,0.565823886291298,29169.9012660277,0.392908093531784,em,psi,uvq,6400,35
889681.173742066,0.556652415772783,24824.2249145592,0.362461049914686,em,psi,uvq,6400,36
956321.012442378,0.577123484276994,30910.0042812346,0.404457625627027,em,psi,uvq,6400,37
875801.175801578,0.552293153818934,24387.94831551,0.359261871866509,em,psi,uvq,6400,38
830334.265091399,0.537766046071693,22074.5374580359,0.34179783030369,em,psi,uvq,6400,39
1049821.07380714,0.604678519439845,33209.9086803583,0.419234810169226,em,psi,uvq,6400,40
929919.515376642,0.569101301475317,28456.1533900846,0.388071359443889,em,psi,uvq,6400,41
861568.743633443,0.547787181527128,22687.2509844843,0.346508931388755,em,psi,uvq,6400,42
951265.522555943,0.575596011766615,30353.0782122142,0.400797372597472,em,psi,uvq,6400,43
1003540.61060684,0.591199929745725,32240.0871684729,0.413068044876445,em,psi,uvq,6400,44
831994.647854112,0.53830345105702,22190.7573479476,0.342696412171841,em,psi,uvq,6400,45
1476106.21893621,0.717010809085583,72349.3117321382,0.618786310795171,em,psi,uvq,6400,46
945965.70334469,0.5739903530299,29351.1268096071,0.394126725188514,em,psi,uvq,6400,47
1139803.12216864,0.630059869561364,39964.327209132,0.459896123034339,em,psi,uvq,6400,48
943712.271337217,0.573306279894566,27949.742307603,0.384602762598284,em,psi,uvq,6400,49
895700.218026958,0.558532228361404,22407.5368475649,0.344366229123624,em,q,uvq,6400,30
813552.372348666,0.532303909355232,19933.4200395123,0.324798791431341,em,q,uvq,6400,31
828235.904332029,0.537086114483647,22052.5201078502,0.341627331601964,em,q,uvq,6400,32
812084.295731584,0.531823414300387,19468.2606860122,0.320986725104065,em,q,uvq,6400,33
877377.246847959,0.552789877283745,24589.2363288531,0.360741424500746,em,q,uvq,6400,34
934061.096040705,0.570367196220402,29748.3749085851,0.396784883657319,em,q,uvq,6400,35
819971.897540952,0.53439991694166,19671.8502125463,0.322660720937986,em,q,uvq,6400,36
807300.351988175,0.530254629297896,19571.1093608945,0.321833476993366,em,q,uvq,6400,37
815472.063922586,0.532931562392157,20842.2544694758,0.33212062184752,em,q,uvq,6400,38
855712.496304059,0.545922300078608,22661.1044869189,0.346309202325114,em,q,uvq,6400,39
933449.059311693,0.570180301124732,24187.169001349,0.357779963116481,em,q,uvq,6400,40
895612.039139275,0.558504734808401,23638.1561212136,0.353696118405204,em,q,uvq,6400,41
931062.733831266,0.569451013070066,24678.9851388471,0.361399164016238,em,q,uvq,6400,42
824148.56570752,0.535759217218008,21052.5702816977,0.333792103455418,em,q,uvq,6400,43
831491.419216346,0.538140631087498,22673.751315169,0.346405823875774,em,q,uvq,6400,44
801994.537150598,0.528509262283621,19041.4577049234,0.317448728278942,em,q,uvq,6400,45
1384945.21366059,0.694517502226398,64523.9342968908,0.584364622119197,em,q,uvq,6400,46
812295.645521838,0.531892614908849,20415.1872634857,0.328700359725475,em,q,uvq,6400,47
907944.74615252,0.562336932828524,24831.45973206,0.362513864222469,em,q,uvq,6400,48
921285.206240438,0.566453085201471,26392.9971007522,0.373738510497616,em,q,uvq,6400,49
785081.524682216,0.522906784231883,20600.6671982788,0.330190168955406,em,rel,uvq,6400,30
739525.626784512,0.507508723782179,17688.9022531811,0.305966540765628,em,rel,uvq,6400,31
736989.766303274,0.506637843562845,16197.3930125781,0.292783134109724,em,rel,uvq,6400,32
661881.117420664,0.48012784493174,14865.9950653597,0.280492005441049,em,rel,uvq,6400,33
719335.08396083,0.500532773446415,16622.7401781592,0.296602497576849,em,rel,uvq,6400,34
778770.653238679,0.520800852600368,19465.343979466,0.320962679320879,em,rel,uvq,6400,35
814720.770335599,0.532686011168129,19439.6658812719,0.320750907285056,em,rel,uvq,6400,36
872059.255064374,0.551112035630675,21909.079118302,0.340514458599726,em,rel,uvq,6400,37
758821.228013298,0.514087014135173,18060.1259623059,0.309160415927578,em,rel,uvq,6400,38
747358.068689203,0.510189200806793,19033.6902234783,0.317383974081572,em,rel,uvq,6400,39
945661.395313488,0.573898022027145,23659.9511964652,0.353859139948704,em,rel,uvq,6400,40
804882.889387167,0.529460109753311,21294.6177285138,0.33570547137696,em,rel,uvq,6400,41
804307.090449357,0.529270692686767,19671.4006236027,0.322657033803325,em,rel,uvq,6400,42
698292.682652674,0.493157501217084,16174.8932929261,0.29257971162992,em,rel,uvq,6400,43
757667.607771963,0.513696087564077,18573.9474033814,0.313527472271111,em,rel,uvq,6400,44
747391.459801749,0.510200598017486,17781.0047083931,0.306762058830976,em,rel,uvq,6400,45
829036.205393894,0.537345537434475,21955.2487021653,0.340873057355682,em,rel,uvq,6400,46
772186.929340403,0.518594755988668,18677.9086228564,0.314403678482695,em,rel,uvq,6400,47
833083.378316007,0.538655542120916,20077.9964234629,0.325974540386452,em,rel,uvq,6400,48
916863.028321958,0.565091959733525,24034.2800389993,0.356647393131046,em,rel,uvq,6400,49
901023.611816585,0.560189525216419,26877.888706133,0.377156043379468,em,psi,grad,6400,30
930790.970835753,0.569367899976908,26587.3280220642,0.375111900330571,em,psi,grad,6400,31
965630.729864847,0.579925808838988,30828.297630377,0.40392270584158,em,psi,grad,6400,32
955661.624514732,0.576924485262318,29189.9409719616,0.393043034180508,em,psi,grad,6400,33
879236.107782714,0.553375153358605,22642.0300090682,0.346163422629303,em,psi,grad,6400,34
884446.451851479,0.555012379109566,24334.1340800956,0.358865280900536,em,psi,grad,6400,35
1007880.74270639,0.592476967017487,32096.6773461042,0.41214831973825,em,psi,grad,6400,36
1016474.54318641,0.594997513883232,30891.1570569521,0.404334298792856,em,psi,grad,6400,37
876014.240431626,0.552360330584441,23457.2294548515,0.352339921648117,em,psi,grad,6400,38
939000.475908398,0.57187327842767,28109.7101442138,0.385701811926928,em,psi,grad,6400,39
956842.564020966,0.577280836584571,28574.505873085,0.388877539238359,em,psi,grad,6400,40
922812.810027038,0.566922515009503,26745.7351662572,0.376227698069108,em,psi,grad,6400,41
1103735.53399319,0.620011022066545,38769.8570289084,0.452971204970304,em,psi,grad,6400,42
1026206.38848436,0.597839016506809,32445.1859250662,0.414379850120783,em,psi,grad,6400,43
871772.139467546,0.551021304475454,25110.5758840235,0.364545575738613,em,psi,grad,6400,44
949739.548741885,0.575134154928144,29242.93133331,0.393399630458451,em,psi,grad,6400,45
1090804.21331349,0.616368309188286,37568.057099454,0.445895267550693,em,psi,grad,6400,46
913473.630453093,0.564046495573523,25751.015478783,0.369165132495822,em,psi,grad,6400,47
947244.056674546,0.574378059871177,27573.9787677643,0.382008664827662,em,psi,grad,6400,48
1012472.36323167,0.593825012449675,32827.1485330133,0.416811867274281,em,psi,grad,6400,49
850726.343442573,0.544329458482872,23341.044301753,0.351466257428175,em,q,grad,6400,30
899626.318450391,0.559754990093565,25715.8695360787,0.368913121333333,em,q,grad,6400,31
889081.006953671,0.556464629033175,25683.9465594413,0.368684070900911,em,q,grad,6400,32
858572.678753559,0.546833899947017,22385.924646634,0.344200117434487,em,q,grad,6400,33
846214.820318026,0.542884211474444,22007.470826874,0.341278212014077,em,q,grad,6400,34
939580.217226664,0.572049789206642,28905.2505571512,0.391121657335915,em,q,grad,6400,35
1031792.22908087,0.599463885303035,34881.8485155542,0.429658335097262,em,q,grad,6400,36
964672.82388979,0.57963809417945,28285.8188672708,0.386908145896892,em,q,grad,6400,37
977621.4284708,0.583515308150878,31050.7240645518,0.405377239847074,em,q,grad,6400,38
951936.407755899,0.575798947106504,28277.3874599903,0.386850477011531,em,q,grad,6400,39
996901.945941821,0.589241219534951,33103.6788934339,0.418563762016335,em,q,grad,6400,40
954457.829149203,0.576561010446867,27238.5193319098,0.379677834043157,em,q,grad,6400,41
1077579.2988357,0.61262048902468,36710.9596960021,0.44077947609583,em,q,grad,6400,42
959598.377380501,0.57811155548824,28453.5706475342,0.388053747942743,em,q,grad,6400,43
1007002.82694377,0.592218871905708,32531.4497343004,0.414930351757624,em,q,grad,6400,44
914514.618168009,0.564367795644958,28054.6128163283,0.385323622987964,em,q,grad,6400,45
964894.06319064,0.579704557840373,28390.731209767,0.387625004603506,em,q,grad,6400,46
987606.024393976,0.586487503729539,30805.7952486369,0.403775262050645,em,q,grad,6400,47
1049974.88085127,0.604722812897009,36199.6908590143,0.437699374777503,em,q,grad,6400,48
1113400.80877483,0.622719784617754,38856.1449013491,0.453475000971701,em,q,grad,6400,49
791821.934551125,0.525146725569938,21337.4364813978,0.336042816500552,em,rel,grad,6400,30
789988.507885205,0.524538396882422,19735.1265871044,0.323179238734242,em,rel,grad,6400,31
754211.343051469,0.512523080380579,17604.5819540941,0.305236421718177,em,rel,grad,6400,32
849295.241466443,0.543871427029799,22848.9539344633,0.347741606730863,em,rel,grad,6400,33
748990.367319607,0.510746046947137,17591.6331979251,0.305124145293131,em,rel,grad,6400,34
838965.011444852,0.540553672684971,23156.4475975761,0.350073682627118,em,rel,grad,6400,35
880925.772869622,0.553906620323645,21048.1122736873,0.333756760344453,em,rel,grad,6400,36
850119.239507994,0.544135198873474,21677.9875392287,0.338713866574245,em,rel,grad,6400,37
818173.28933085,0.533813492123483,17679.1976482407,0.305882598536495,em,rel,grad,6400,38
916727.610099089,0.565050226905187,27458.3229568711,0.381206677776102,em,rel,grad,6400,39
815350.144686607,0.532891722255063,21682.3676418335,0.338748083923817,em,rel,grad,6400,40
885907.822246766,0.555470713188722,23221.8780638608,0.350567914885193,em,rel,grad,6400,41
785001.020813353,0.522879973577785,20608.1059964822,0.330249778586491,em,rel,grad,6400,42
850323.761848198,0.544200649169426,19652.8685680642,0.32250501343778,em,rel,grad,6400,43
900404.875316349,0.559997149996302,23060.9490025423,0.349351074282363,em,rel,grad,6400,44
755220.25489794,0.512865768009927,18306.3826288767,0.311261039231609,em,rel,grad,6400,45
770271.891101156,0.517951294373412,18897.4957025109,0.31624642374487,em,rel,grad,6400,46
842874.17760703,0.541811566814112,21665.6933364424,0.338617805822905,em,rel,grad,6400,47
827298.955804375,0.536782237025178,23317.8040342214,0.351291239464455,em,rel,grad,6400,48
877037.751994907,0.552682917890468,22694.684723054,0.346565695556482,em,rel,grad,6400,49
55453.8790134398,0.452749929813218,3913.02262669488,0.393866403978419,eb,psi,div,6400,30
57494.1124107928,0.461003383910514,3971.07984425238,0.396777528565343,eb,psi,div,6400,31
60136.6072513556,0.471478494106789,4149.12592776112,0.405574896821656,eb,psi,div,6400,32
50265.2675952766,0.431048785560465,3699.79066262571,0.38298462047837,eb,psi,div,6400,33
61461.0954867402,0.476642292637554,4616.61277658593,0.427813497989309,eb,psi,div,6400,34
57802.2472540496,0.462237087501655,3955.38245418116,0.395992535672672,eb,psi,div,6400,35
50766.8873898889,0.433194261381779,3566.49545514329,0.376022295052112,eb,psi,div,6400,36
52442.044546987,0.440283321288801,3552.07666936258,0.375261425460013,eb,psi,div,6400,37
45692.4971705066,0.410974497563804,3394.06280192571,0.36681973716503,eb,psi,div,6400,38
55527.9263818057,0.453052106662328,4257.62414760467,0.410843498281976,eb,psi,div,6400,39
66598.094384615,0.496161803684608,4581.81902001308,0.426198310427057,eb,psi,div,6400,40
61645.5850976484,0.477357132322538,4193.13340814429,0.407720077773425,eb,psi,div,6400,41
70173.5380503106,0.509306376045729,4693.11554382231,0.431343622855465,eb,psi,div,6400,42
50508.0129363165,0.43208836085166,3836.66050154591,0.390004343546216,eb,psi,div,6400,43
70084.8954103246,0.508984598570215,4912.38920934214,0.441305299412523,eb,psi,div,6400,44
56938.3746875504,0.458769945823644,4291.46370309735,0.412472957032096,eb,psi,div,6400,45
63999.9144846065,0.486387184222201,4565.0143645106,0.425416012510798,eb,psi,div,6400,46
55122.4383131179,0.451394888010654,3680.38586071056,0.381978953998486,eb,psi,div,6400,47
66963.5878469316,0.497521420439555,4884.67768771243,0.440058804439252,eb,psi,div,6400,48
52856.2001411696,0.442018448155691,3845.02777430992,0.390429387078367,eb,psi,div,6400,49
69119.0372807794,0.50546520667768,4890.76786301733,0.440333049803404,eb,q,div,6400,30
51050.1903080746,0.434401292822918,3959.28874447368,0.396188026259063,eb,q,div,6400,31
53734.5715220471,0.445676075783091,4239.86981377146,0.40998599271773,eb,q,div,6400,32
78778.0693909468,0.539628766630876,5919.07918611827,0.484417510433009,eb,q,div,6400,33
64127.7008561975,0.486872518147201,4976.52321551571,0.444176702398991,eb,q,div,6400,34
74177.9793052811,0.523636517181371,5340.43486153094,0.460130550648287,eb,q,div,6400,35
81914.2132728391,0.550265213576755,5992.80986050595,0.487425232671227,eb,q,div,6400,36
47677.5163455584,0.419806576960193,3834.89728808194,0.38991471613007,eb,q,div,6400,37
58285.8731658313,0.46416680636623,4274.98935931996,0.411680482040676,eb,q,div,6400,38
68865.8919388987,0.504538735903204,4951.32362638211,0.443050687762175,eb,q,div,6400,39
74045.5525641201,0.523168895558295,5402.55463575932,0.462798925682774,eb,q,div,6400,40
56711.9784697507,0.457856965503012,4216.80348342766,0.408869240315476,eb,q,div,6400,41
72403.1241107335,0.517334068460769,5089.65379785506,0.449197033477759,eb,q,div,6400,42
47578.3595852188,0.419369805825611,3728.96261997761,0.384491526609999,eb,q,div,6400,43
67822.0972222245,0.500700510183764,5376.90280285383,0.461698912172464,eb,q,div,6400,44
59711.7246403565,0.469809975434222,4564.19987859301,0.4253780596392,eb,q,div,6400,45
62950.6650844491,0.482383659426336,4887.62843167087,0.440191700087711,eb,q,div,6400,46
55664.0507388191,0.453607085758111,4265.29422530512,0.411213397491702,eb,q,div,6400,47
53069.1662853285,0.442908034747342,3982.06646540261,0.397326023381223,eb,q,div,6400,48
56880.4424771221,0.458536497635219,4462.77806013529,0.420625311328029,eb,q,div,6400,49
39923.9987249048,0.384157611860368,3808.45451527351,0.388568101032791,eb,rel,div,6400,30
43675.7720643805,0.401802580682591,4059.57238336478,0.401174114838711,eb,rel,div,6400,31
42534.1873395324,0.396516711911467,3586.48640569143,0.377074664103187,eb,rel,div,6400,32
45297.9990789871,0.409196523838437,4160.23648060745,0.406117559153299,eb,rel,div,6400,33
38063.5190135543,0.375099853715399,3429.96026202051,0.368754477746622,eb,rel,div,6400,34
37171.4511670137,0.370678318679985,3388.6884670512,0.366529201419422,eb,rel,div,6400,35
42085.7651629121,0.394421009337358,3790.49879458828,0.387651027802154,eb,rel,div,6400,36
38229.6398746027,0.375917487938114,3447.26301884458,0.369683415997064,eb,rel,div,6400,37
37332.674485134,0.371481318368175,3189.90510581631,0.355616284582674,eb,rel,div,6400,38
40985.6061588768,0.389231614466459,3689.38707890677,0.382445776817799,eb,rel,div,6400,39
36449.5493383729,0.367061223534348,3255.92039767274,0.359277191868304,eb,rel,div,6400,40
39207.9729921048,0.380697146467738,3747.68097936637,0.385455339083762,eb,rel,div,6400,41
47498.8862654542,0.419019408708109,4128.76956927102,0.404578761798839,eb,rel,div,6400,42
45295.6337303932,0.409185840087747,4106.23923881713,0.403473376474291,eb,rel,div,6400,43
39967.5220105596,0.384366950199539,3615.96617589716,0.37862120909876,eb,rel,div,6400,44
36130.0940696772,0.365449163837113,3250.07778481122,0.358954693184972,eb,rel,div,6400,45
41189.5790881938,0.390198956256517,3674.05270504088,0.381650160514834,eb,rel,div,6400,46
44599.5325808218,0.406029492198822,3863.91751893349,0.391387257342209,eb,rel,div,6400,47
51313.4890218122,0.435520095717717,4254.69100635484,0.41070195577046,eb,rel,div,6400,48
41223.4985759134,0.39035958699495,3656.90877851042,0.380758688148791,eb,rel,div,6400,49
218895.799134763,0.899520654439954,12374.1806035232,0.700407815503377,eb,psi,uvq,6400,30
225267.90787075,0.912519364180927,12677.1215766733,0.708929561063441,eb,psi,uvq,6400,31
210441.569528114,0.881978894041844,11903.5761448694,0.686960056388635,eb,psi,uvq,6400,32
228337.305312913,0.918715116135392,10830.0376604213,0.655251074468816,eb,psi,uvq,6400,33
252985.84025581,0.967031305130275,11723.3192035607,0.681738865288542,eb,psi,uvq,6400,34
348611.71811251,1.13517656550458,13192.0100766548,0.723183061587663,eb,psi,uvq,6400,35
236049.341281231,0.934100969416466,11186.6079051424,0.665950526218916,eb,psi,uvq,6400,36
272998.207934793,1.00455177290565,14561.3423887203,0.759789810994219,eb,psi,uvq,6400,37
224021.014064389,0.909990389629339,9559.64827581166,0.615621409947325,eb,psi,uvq,6400,38
278797.119513399,1.01516483980447,16410.2382078569,0.806585110981467,eb,psi,uvq,6400,39
267272.713672758,0.993961900864799,14534.0150057547,0.759076524496056,eb,psi,uvq,6400,40
229066.264772983,0.920180431717202,13570.630916183,0.733487602709586,eb,psi,uvq,6400,41
234874.815734711,0.931774138910139,12690.2313549028,0.709296028630078,eb,psi,uvq,6400,42
213468.763581112,0.88829986008212,10690.6740740826,0.651021457538534,eb,psi,uvq,6400,43
227639.926001143,0.917311090502969,12145.6719985769,0.693910617430329,eb,psi,uvq,6400,44
322483.615891756,1.09180795367608,16086.9419074897,0.798600366376652,eb,psi,uvq,6400,45
260872.417741486,0.981988740041185,14061.9380977989,0.746647042607305,eb,psi,uvq,6400,46
320878.33848358,1.08908713141198,13350.373042787,0.727510823532507,eb,psi,uvq,6400,47
264415.522189958,0.988634813522591,12273.0009771947,0.69753843519073,eb,psi,uvq,6400,48
260181.07213106,0.980686678296356,13412.2763186477,0.729195541202646,eb,psi,uvq,6400,49
264300.916189144,0.988420537595655,11193.5673697735,0.666157646132422,eb,q,uvq,6400,30
310458.453060503,1.07125822883976,20134.1162407587,0.89342694059774,eb,q,uvq,6400,31
270081.708274229,0.999171441177065,17400.4239441738,0.830563177696882,eb,q,uvq,6400,32
334191.370016572,1.11145028548554,20808.7828628026,0.908272358642877,eb,q,uvq,6400,33
306054.193458333,1.06363248672916,20253.9288753195,0.896081267690075,eb,q,uvq,6400,34
262661.123342578,0.985349555559128,11587.21296191,0.677769861084259,eb,q,uvq,6400,35
300444.977536318,1.0538405381437,13947.9225218922,0.74361393812099,eb,q,uvq,6400,36
307543.792792422,1.06621775285139,13121.4535781723,0.721246522971649,eb,q,uvq,6400,37
261178.803151594,0.982565226313413,12246.6758203786,0.696789935854836,eb,q,uvq,6400,38
298779.255365189,1.05091513495584,12364.7129393316,0.700139818166665,eb,q,uvq,6400,39
301833.202978105,1.05627240140327,16130.4285390939,0.799679036334514,eb,q,uvq,6400,40
230496.582964684,0.923048821459554,10679.636578879,0.650685299976669,eb,q,uvq,6400,41
298936.283599385,1.05119126134011,13372.0026110414,0.728099922300213,eb,q,uvq,6400,42
259933.875392713,0.980220694828165,12695.2342344421,0.709435828009006,eb,q,uvq,6400,43
272032.944403412,1.00277425970673,12426.8489407141,0.701896808852203,eb,q,uvq,6400,44
303172.308476438,1.05861292391295,14744.7930627226,0.764560926417746,eb,q,uvq,6400,45
283075.113493887,1.02292377205308,15553.1110273132,0.785238155924995,eb,q,uvq,6400,46
298446.129683249,1.05032910956756,14282.6400157383,0.752483538181463,eb,q,uvq,6400,47
252677.143329099,0.966441132352836,11866.7084949947,0.685895408114543,eb,q,uvq,6400,48
234804.907561995,0.931635461898471,10125.8866082394,0.633591421099615,eb,q,uvq,6400,49
509547.591417451,1.37241293588302,18755.3154599802,0.862293167624394,eb,rel,uvq,6400,30
535663.218037871,1.40714333964414,25925.4466015796,1.01380839131658,eb,rel,uvq,6400,31
718768.862696617,1.62999793388792,29892.206771656,1.08860856562004,eb,rel,uvq,6400,32
697321.684725483,1.60549520099719,30133.8131700297,1.09299909914121,eb,rel,uvq,6400,33
676556.694292409,1.58141015824263,30788.593707348,1.10481022418233,eb,rel,uvq,6400,34
579452.578194792,1.46352914725633,23203.4308916236,0.959110975562227,eb,rel,uvq,6400,35
582931.037674449,1.46791536435377,22287.023944603,0.93998040037452,eb,rel,uvq,6400,36
458427.682154345,1.30175077135818,19577.6466652342,0.880994102963691,eb,rel,uvq,6400,37
529731.461246001,1.39933053102906,17589.6413692195,0.835066863655643,eb,rel,uvq,6400,38
694339.531588849,1.60205850705898,22215.1549884747,0.938463599392309,eb,rel,uvq,6400,39
486723.117159083,1.3413231286565,16647.897849023,0.812404760385154,eb,rel,uvq,6400,40
580328.993173101,1.46463551409206,19176.3723543648,0.871918686479717,eb,rel,uvq,6400,41
522444.573431251,1.38967273758016,20463.0341351869,0.900695043214646,eb,rel,uvq,6400,42
436852.719982829,1.27074950275501,16240.6528818017,0.802406615117736,eb,rel,uvq,6400,43
564878.1041317,1.44500648723485,19989.7069255197,0.89021718090864,eb,rel,uvq,6400,44
503527.161597977,1.36428114694839,19043.054220447,0.868882520121886,eb,rel,uvq,6400,45
489460.522607237,1.3450897435584,21319.9328336045,0.919360148415539,eb,rel,uvq,6400,46
634967.194276229,1.5320328245042,20938.8941254719,0.911107515046253,eb,rel,uvq,6400,47
519805.686345336,1.38615865002187,19876.1420604225,0.887684842851897,eb,rel,uvq,6400,48
810838.449614266,1.73124923165371,23233.4559134079,0.95973131524871,eb,rel,uvq,6400,49
94963.9767799846,0.59247751471249,5359.92779954472,0.460969539120898,eb,psi,grad,6400,30
107298.159285925,0.62977956152426,6249.13979264111,0.497740383752028,eb,psi,grad,6400,31
88598.7228885334,0.572276822691488,4576.28163083914,0.425940690103401,eb,psi,grad,6400,32
85328.6798192617,0.561616604653539,4485.49951631002,0.421694722083912,eb,psi,grad,6400,33
97150.5447988378,0.599259664171855,5776.6482418429,0.478553745576533,eb,psi,grad,6400,34
87827.3343719729,0.569780100212701,4562.52981975637,0.425300228759382,eb,psi,grad,6400,35
93518.5124001917,0.587951119080618,5322.09059894858,0.459339602271864,eb,psi,grad,6400,36
95781.9385278797,0.595023663612576,5282.2696022702,0.457617938201396,eb,psi,grad,6400,37
95289.0991301662,0.593490862606443,5486.1510598064,0.466365740242747,eb,psi,grad,6400,38
81138.8895213875,0.547654872781784,4414.04493380645,0.418322412335269,eb,psi,grad,6400,39
92862.3851736052,0.58588495188762,5262.12228010815,0.456744394733273,eb,psi,grad,6400,40
88997.8386388528,0.573564358430465,4958.64190266366,0.443377991164073,eb,psi,grad,6400,41
85929.9183162036,0.563591748298253,4862.92626349128,0.439077922378698,eb,psi,grad,6400,42
81254.2855463258,0.548044172794844,4241.26241917159,0.410053318114205,eb,psi,grad,6400,43
81342.5721642819,0.548341829897969,4584.1238891319,0.426305495784153,eb,psi,grad,6400,44
86264.8934288104,0.564689186679182,4214.44527240779,0.408754896026629,eb,psi,grad,6400,45
85150.1626005011,0.561028814432875,4613.86107959431,0.427685981491618,eb,psi,grad,6400,46
80007.9079107264,0.543824643195271,4137.91599149683,0.405026643545724,eb,psi,grad,6400,47
84293.2966497367,0.558198860943571,4450.2870209829,0.420036246764023,eb,psi,grad,6400,48
93610.2092125511,0.588239297499925,5306.95304722309,0.458685890334611,eb,psi,grad,6400,49
85163.6907924623,0.561073379257163,5142.0423749013,0.451502941438011,eb,q,grad,6400,30
106898.124830945,0.628604477152231,6683.12003337745,0.514733446705059,eb,q,grad,6400,31
98748.0097944801,0.604166446282083,5913.23836670344,0.484178445077407,eb,q,grad,6400,32
104504.28355926,0.621526245453499,6514.27941881685,0.508189806838225,eb,q,grad,6400,33
105174.159921082,0.623515066666561,6571.36450153463,0.510411601296367,eb,q,grad,6400,34
107973.657634509,0.631758848042622,6493.7897169117,0.507389959475682,eb,q,grad,6400,35
90413.4664503065,0.578108009705988,5668.2692716332,0.474043280594461,eb,q,grad,6400,36
89205.1803259657,0.574232097213742,5615.36885914942,0.47182603685536,eb,q,grad,6400,37
94833.9786537873,0.592071848552071,5892.41201995416,0.483325057993562,eb,q,grad,6400,38
96563.7800042766,0.59744723473732,5961.06877052486,0.486132688009149,eb,q,grad,6400,39
103521.591009521,0.61859712234429,6170.19296855422,0.494586356176337,eb,q,grad,6400,40
85121.6701261487,0.560934942406957,5231.45143150084,0.455411357414445,eb,q,grad,6400,41
90201.1259211698,0.577428752927293,5329.75169164661,0.459670090612096,eb,q,grad,6400,42
104909.485136505,0.622730022734742,6642.06520178279,0.513149990984398,eb,q,grad,6400,43
101143.649398636,0.611451107749218,6341.97206656626,0.501423773364846,eb,q,grad,6400,44
91858.4773192872,0.582709431464646,5689.77204255054,0.47494157906693,eb,q,grad,6400,45
102149.146471281,0.61448289395602,6375.94909632237,0.502765164692604,eb,q,grad,6400,46
107874.49117299,0.631468667630779,7119.92687500003,0.531288633925626,eb,q,grad,6400,47
104633.978840075,0.621911799153779,6337.11795102685,0.501231842935322,eb,q,grad,6400,48
98392.8245309684,0.603078908763544,6271.80629320614,0.498642253545237,eb,q,grad,6400,49
86912.8479505043,0.566805971330604,4712.44433124171,0.432230963292472,eb,rel,grad,6400,30
86128.4307934566,0.564242368335261,4637.88071758314,0.428797797267872,eb,rel,grad,6400,31
83000.6062766594,0.553902159993765,4925.0763786218,0.44187480891158,eb,rel,grad,6400,32
99961.8935482967,0.607868534789487,4799.84939550826,0.436220994702351,eb,rel,grad,6400,33
71810.2834072612,0.515211735394023,4123.30509197557,0.404310940670233,eb,rel,grad,6400,34
74234.2587977827,0.523835123358369,4139.22292489412,0.405090600989225,eb,rel,grad,6400,35
87208.701801353,0.567769863716779,5195.52578396258,0.453844953364016,eb,rel,grad,6400,36
76928.8338611967,0.533257535192223,4286.45318468381,0.412232094346423,eb,rel,grad,6400,37
70606.2856886016,0.510874362979572,4391.73574027621,0.41726394356758,eb,rel,grad,6400,38
90912.8542750805,0.579702365944756,5616.84503122949,0.471888049758864,eb,rel,grad,6400,39
88932.8778465125,0.573354993814207,5008.01069095859,0.44557968486741,eb,rel,grad,6400,40
82643.5191243931,0.552709370276195,4654.1756911953,0.429550417120867,eb,rel,grad,6400,41
85923.9607673645,0.563572210961142,4466.53225712023,0.420802194235655,eb,rel,grad,6400,42
76562.4359735324,0.531986115716802,4327.8618012992,0.414218460757283,eb,rel,grad,6400,43
84430.5951621054,0.558653278397453,4675.43481592074,0.430530339476657,eb,rel,grad,6400,44
106899.616704093,0.628608863547548,4687.52571821881,0.431086666257051,eb,rel,grad,6400,45
90007.0432734986,0.576807201651169,4962.98376480582,0.443572062940985,eb,rel,grad,6400,46
80674.0220920621,0.546083785152568,4721.97584650992,0.432667863405059,eb,rel,grad,6400,47
83761.469842525,0.556435168803822,5056.90664869471,0.44774962070592,eb,rel,grad,6400,48
78861.5749931108,0.539914697031416,4898.86690454864,0.440697491600036,eb,rel,grad,6400,49
