1277979.5492377,0.584365342112827,50502.881252532,0.435172188256291,empb,psi,div,6400,30,3
1597183.44254972,0.653280805781579,72879.461401574,0.522763950453598,empb,psi,div,6400,31,3
1439955.27096406,0.620293170451539,61059.1893817313,0.478496285941545,empb,psi,div,6400,32,3
1499077.56586796,0.63289920625211,65422.1770956542,0.495296831980526,empb,psi,div,6400,33,3
1518776.91169762,0.637044091116832,65351.8014635382,0.495030361127416,empb,psi,div,6400,34,3
2022388.41055154,0.735114150100757,87195.6178118255,0.571808205944095,empb,psi,uvq,6400,30,3
1994527.63572224,0.730033059661011,90954.0767282007,0.584001737011423,empb,psi,uvq,6400,31,3
1634559.21053012,0.66088033172963,59889.2677581275,0.473890012266095,empb,psi,uvq,6400,32,3
1715413.92143132,0.677028519798415,64011.3620904022,0.489927241522904,empb,psi,uvq,6400,33,3
1529208.98318127,0.639228189586402,57375.7666178211,0.463839045880528,empb,psi,uvq,6400,34,3
1318560.60986278,0.593570826245592,49374.1764727819,0.430281809641034,empb,psi,grad,6400,30,3
1297579.15634789,0.588829322558631,44703.5246006057,0.409424603366115,empb,psi,grad,6400,31,3
1356626.20204077,0.602077779099897,49707.1419552789,0.43173022124213,empb,psi,grad,6400,32,3
1179085.27025611,0.5613000818599,38900.6075903825,0.381927778095641,empb,psi,grad,6400,33,3
1375156.67867107,0.606175793680456,50063.7723703322,0.433276205803758,empb,psi,grad,6400,34,3
1852973.94290818,0.703650749607013,92360.4725483863,0.588499539194459,empb,psi,div,6400,30,6
1836898.71978339,0.700591887839552,88579.3882040708,0.576327565491288,empb,psi,div,6400,31,6
1874951.82804771,0.707811404157367,92998.9964093569,0.590530298458565,empb,psi,div,6400,32,6
1886902.44444987,0.710063554461494,95436.3178238669,0.598218571441358,empb,psi,div,6400,33,6
2003890.27982208,0.731744501800197,100880.559246417,0.615044861650607,empb,psi,div,6400,34,6
2260939.09176285,0.777261094873286,70709.5541505465,0.514922777796806,empb,psi,uvq,6400,30,6
1830460.4265148,0.699363029837369,79994.1421774085,0.547686639609969,empb,psi,uvq,6400,31,6
1705879.25179066,0.6751443569896,62508.0809563447,0.484140190757691,empb,psi,uvq,6400,32,6
2142166.07589416,0.756569914450145,76002.196099293,0.533846161947633,empb,psi,uvq,6400,33,6
2028923.96281458,0.736300989810679,72020.583075432,0.519674456514725,empb,psi,uvq,6400,34,6
1272892.57938604,0.583201155673916,44694.7511441478,0.409384424820648,empb,psi,grad,6400,30,6
1462726.34520595,0.625178508938819,54595.7956918607,0.45246256578081,empb,psi,grad,6400,31,6
1287549.96208591,0.586549330986841,44685.4158398647,0.40934166893034,empb,psi,grad,6400,32,6
1345889.89355312,0.599690631929648,45624.3814045495,0.413620017418168,empb,psi,grad,6400,33,6
1402182.60828142,0.612103392650072,51496.7165074356,0.439433157302116,empb,psi,grad,6400,34,6
2385528.92294909,0.7983895461391,133609.26993703,0.707817587330939,empb,psi,div,6400,30,9
2377243.19151385,0.797001804509881,131010.438804334,0.700899910656616,empb,psi,div,6400,31,9
2567267.217015,0.828243499726064,148830.274866102,0.747048324275001,empb,psi,div,6400,32,9
2483666.32746286,0.814646363592638,139662.414169058,0.723673761316336,empb,psi,div,6400,33,9
2306693.59749097,0.785086399089817,124002.47078427,0.68189612632487,empb,psi,div,6400,34,9
1926150.93140161,0.71741038004181,83146.6016026077,0.558374151631562,empb,psi,uvq,6400,30,9
2136839.27440222,0.755628669448774,89345.4290253293,0.578814261581238,empb,psi,uvq,6400,31,9
1824553.18672561,0.698233629941382,75224.9755651788,0.531109514570184,empb,psi,uvq,6400,32,9
2001133.80864469,0.731241049399749,75580.0915680208,0.532361648066517,empb,psi,uvq,6400,33,9
2145226.74836645,0.757110205467907,90777.874604492,0.583435779796431,empb,psi,uvq,6400,34,9
1499486.47792554,0.632985520154862,59037.6401973947,0.47050858162281,empb,psi,grad,6400,30,9
1570940.18266877,0.64789156053981,61366.2261914411,0.47969783926496,empb,psi,grad,6400,31,9
1546689.3792404,0.642871318439366,61190.273235681,0.479009636265762,empb,psi,grad,6400,32,9
1499216.90075149,0.632928618635484,57805.50254957,0.465572848082252,empb,psi,grad,6400,33,9
1417574.86531127,0.615453861210715,51169.9871851583,0.438036911409038,empb,psi,grad,6400,34,9
2388650.81359242,0.798911792987085,129684.975355761,0.697345312431718,empb,psi,div,6400,30,12
2613245.31532345,0.835627240091789,151998.071983689,0.754956786723305,empb,psi,div,6400,31,12
2634984.65497096,0.839095793224343,154015.159060195,0.75994959580469,empb,psi,div,6400,32,12
2573908.77108649,0.829314146145299,152824.930441342,0.757007456640112,empb,psi,div,6400,33,12
2229544.48363352,0.771845842957289,118161.13371037,0.665641481613065,empb,psi,div,6400,34,12
2378312.56922126,0.797181045770939,102913.233797474,0.621210326564426,empb,psi,uvq,6400,30,12
2225589.48938293,0.771160949502672,94083.8670093143,0.593964697999552,empb,psi,uvq,6400,31,12
2151791.43005217,0.758267749990951,91825.9001054311,0.586793981821329,empb,psi,uvq,6400,32,12
1762727.09991829,0.686301644036151,59410.108083347,0.471990464986279,empb,psi,uvq,6400,33,12
2396810.90454978,0.800275247755378,100387.342048891,0.613539505247043,empb,psi,uvq,6400,34,12
1293042.21215069,0.587799009668783,45623.5047181977,0.413616043481921,empb,psi,grad,6400,30,12
1706093.74983685,0.675186802137244,74289.1373104883,0.527795534571625,empb,psi,grad,6400,31,12
1307559.26489688,0.591089425187153,43936.414166459,0.405896548840729,empb,psi,grad,6400,32,12
1374612.37561398,0.606055816081513,48941.7713488849,0.428393522860937,empb,psi,grad,6400,33,12
1434141.70033083,0.619039740790096,53764.440298022,0.449004422372455,empb,psi,grad,6400,34,12
938931.973523314,0.571852418268894,32548.7627962463,0.415040748918104,em,psi,div,6400,30,3
1061686.88296567,0.60808616653997,40196.253845235,0.461228659653681,em,psi,div,6400,31,3
1107268.86470198,0.621002633494677,43246.4088026921,0.478408095491688,em,psi,div,6400,32,3
1182581.6204514,0.64177450483722,48061.460953032,0.50433833399404,em,psi,div,6400,33,3
1132345.72856605,0.627995339737075,43555.179917223,0.480112929157249,em,psi,div,6400,34,3
955173.588643229,0.576777154976913,30217.3040522034,0.399899952610558,em,psi,uvq,6400,30,3
811650.022899758,0.531681195477546,21193.3310921414,0.334906137770721,em,psi,uvq,6400,31,3
956970.965008837,0.577319568632011,30231.387906379,0.3999931355844,em,psi,uvq,6400,32,3
961007.874103946,0.578535976455502,30360.169130212,0.400844185894595,em,psi,uvq,6400,33,3
877505.735228369,0.552830352732634,25439.5387691293,0.366925683530063,em,psi,uvq,6400,34,3
867454.55362104,0.549655101836645,24627.4288175623,0.361021471160868,em,psi,grad,6400,30,3
888462.045227977,0.556270895126053,25651.5316590515,0.36845134516915,em,psi,grad,6400,31,3
941407.286530812,0.572605711406581,29232.5929875415,0.393330084404981,em,psi,grad,6400,32,3
894292.626721491,0.558093189602845,23955.9051840005,0.356065411630918,em,psi,grad,6400,33,3
863840.598788828,0.548508931141456,23865.5434202924,0.355393237140498,em,psi,grad,6400,34,3
1136034.12599396,0.629017294949696,47021.2649734452,0.498850773083469,em,psi,div,6400,30,6
1202822.79696226,0.647243537931639,51222.8406756199,0.520661332099694,em,psi,div,6400,31,6
1474707.47998128,0.716671013535688,71755.3321333786,0.616240993313581,em,psi,div,6400,32,6
1411540.3514655,0.701154211051574,67038.3756683126,0.595641895238255,em,psi,div,6400,33,6
1387719.33852378,0.695212733490822,65511.0603121462,0.588817636541288,em,psi,div,6400,34,6
931745.851207489,0.569659876845646,31575.0692396895,0.408785658702997,em,psi,uvq,6400,30,6
881215.416210876,0.553997673499635,23783.8268200292,0.354784274899814,em,psi,uvq,6400,31,6
943974.800821756,0.57338601782988,29272.4717350291,0.393598281024964,em,psi,uvq,6400,32,6
932781.17239391,0.56997628136417,28174.036217247,0.386142878463426,em,psi,uvq,6400,33,6
1112439.96582637,0.622451029173643,36660.6569295048,0.440477386095562,em,psi,uvq,6400,34,6
956600.581998388,0.577207835851391,29078.4601240097,0.392291770473076,em,psi,grad,6400,30,6
933335.562882514,0.570145636461064,26481.851028156,0.374367090721122,em,psi,grad,6400,31,6
901353.931431019,0.560292199901841,26045.9254548825,0.371273021146608,em,psi,grad,6400,32,6
896703.948574275,0.558845089114367,25493.1747732797,0.367312287728554,em,psi,grad,6400,33,6
1042526.15199802,0.602573983618047,32530.2873745555,0.41492293889023,em,psi,grad,6400,34,6
1313673.54314872,0.676410942297235,57811.7840031434,0.553135689633789,em,psi,div,6400,30,9
1768513.66451115,0.784821889924279,91937.3769384458,0.697540695075087,em,psi,div,6400,31,9
1925102.82196343,0.818830221215553,105554.967293012,0.747416761632647,em,psi,div,6400,32,9
1557853.28695806,0.736597389362966,77166.1421931186,0.639053017471758,em,psi,div,6400,33,9
1483606.97488508,0.718830227012353,70534.6887966106,0.610977015431091,em,psi,div,6400,34,9
995789.332920768,0.588912310317005,29555.3965478024,0.395495813576082,em,psi,uvq,6400,30,9
1025916.36193074,0.597754529875235,31958.5194872662,0.411260331611232,em,psi,uvq,6400,31,9
975928.825353042,0.583009955226267,31051.2392602908,0.405380602856579,em,psi,uvq,6400,32,9
957543.706772119,0.577492304054927,29920.0513842532,0.397928150068292,em,psi,uvq,6400,33,9
883329.47074519,0.554661801527368,24764.3164015061,0.362023420554747,em,psi,uvq,6400,34,9
982689.751909999,0.585025924137288,31170.4333768967,0.406157910029287,em,psi,grad,6400,30,9
1044830.50904299,0.603239568434492,34529.8631830438,0.427485043089507,em,psi,grad,6400,31,9
934317.631503288,0.570445515169795,27122.2085997139,0.378866338939121,em,psi,grad,6400,32,9
1008553.52586482,0.592674679906734,31926.4812481794,0.411054136816701,em,psi,grad,6400,33,9
911482.837468435,0.563431528573475,26410.7326045671,0.373864061369811,em,psi,grad,6400,34,9
1687832.62807391,0.766710810677989,90505.0639396186,0.692085794491309,em,psi,div,6400,30,12
1923206.70092299,0.818426870368913,103875.546882393,0.741447076350035,em,psi,div,6400,31,12
2197293.84167418,0.874804416803598,128117.454021225,0.823431819504396,em,psi,div,6400,32,12
1820395.7368244,0.796250655192905,95261.260235723,0.710038105726913,em,psi,div,6400,33,12
1698496.68061142,0.769129110364877,88042.2371507709,0.682604316283349,em,psi,div,6400,34,12
1020310.27966588,0.596119088780042,31801.6017764653,0.410249436205078,em,psi,uvq,6400,30,12
1000955.63426606,0.590438015771008,29867.4195049808,0.397578001523622,em,psi,uvq,6400,31,12
956345.457544203,0.577130860331687,28565.8332484393,0.3888185208097,em,psi,uvq,6400,32,12
949765.61946168,0.575142048702032,27571.8969408858,0.381994243787371,em,psi,uvq,6400,33,12
955246.512222742,0.576799171839849,24788.0371946707,0.362196763261232,em,psi,uvq,6400,34,12
1088792.21278872,0.615799597711765,39456.906632251,0.456967183046236,em,psi,grad,6400,30,12
1074759.84760447,0.611818513290663,36083.0311122251,0.436993524777345,em,psi,grad,6400,31,12
1089597.00806781,0.616027143912108,37929.7730479927,0.448036728536117,em,psi,grad,6400,32,12
1011686.53083023,0.593594518495022,31937.1692055663,0.411122934900635,em,psi,grad,6400,33,12
1045269.92495525,0.603366404892143,35725.1969353174,0.434821301023827,em,psi,grad,6400,34,12
84469.1634723039,0.558780861608491,6424.98590944756,0.504694820935066,eb,psi,div,6400,30,3
75134.4827426926,0.52700177361442,5295.10952482375,0.458173780009065,eb,psi,div,6400,31,3
84531.1928698755,0.558985992557399,6088.08590590971,0.491284592669596,eb,psi,div,6400,32,3
86429.5792941439,0.565227945737532,6335.66727417244,0.501174469295085,eb,psi,div,6400,33,3
86553.7688945483,0.565633884512502,6521.11136505459,0.508456222767338,eb,psi,div,6400,34,3
276413.508874427,1.01081588535731,10822.9840033121,0.655037655579653,eb,psi,uvq,6400,30,3
270130.384704432,0.999261476722275,14988.5278666158,0.770854209211598,eb,psi,uvq,6400,31,3
266839.041954091,0.993155181472048,13042.3872926712,0.719070222565767,eb,psi,uvq,6400,32,3
207353.61390773,0.875484035002494,11244.6611771977,0.667676276307906,eb,psi,uvq,6400,33,3
298948.009889389,1.05121187853076,13953.9890668957,0.743775635212284,eb,psi,uvq,6400,34,3
83857.806613222,0.556755063875891,4437.97765808002,0.419454940569472,eb,psi,grad,6400,30,3
86490.1484011873,0.565425964496674,4548.09252709649,0.424626803139522,eb,psi,grad,6400,31,3
98685.4463573684,0.603975026128676,5667.16036034172,0.473996908621486,eb,psi,grad,6400,32,3
88604.583227158,0.572295748926554,4850.04117393311,0.438495833460681,eb,psi,grad,6400,33,3
100297.18557641,0.608887137203605,5865.84950960117,0.482234432622475,eb,psi,grad,6400,34,3
159342.7151584,0.76746491910152,12483.2314279817,0.70348731262922,eb,psi,div,6400,30,6
157814.675146238,0.763776196494613,11924.5925092476,0.687566220276327,eb,psi,div,6400,31,6
157105.393448863,0.7620579071835,12136.8357180387,0.693658152827639,eb,psi,div,6400,32,6
166580.199632775,0.784700836346889,12962.3823063383,0.716861359341795,eb,psi,div,6400,33,6
150600.704750883,0.746115270209971,11693.113172605,0.68086002258851,eb,psi,div,6400,34,6
283359.343673091,1.02343719207264,13071.2617781211,0.719865755747591,eb,psi,uvq,6400,30,6
248509.493894767,0.958437767390598,14227.3708449455,0.751026193695716,eb,psi,uvq,6400,31,6
258027.063066108,0.976618745403871,14917.7924868134,0.769033111438084,eb,psi,uvq,6400,32,6
239811.409960747,0.94151522577644,12103.4550339289,0.692703590734371,eb,psi,uvq,6400,33,6
264957.614943085,0.989647721839972,12089.6013234895,0.692307040221565,eb,psi,uvq,6400,34,6
94270.2512335941,0.59030948115842,5030.47281501473,0.446577832541101,eb,psi,grad,6400,30,6
98513.4794041171,0.603448560291922,5189.82889537895,0.45359606486066,eb,psi,grad,6400,31,6
101400.392530145,0.612226669912895,5705.17901905257,0.475584176590868,eb,psi,grad,6400,32,6
90108.185503453,0.577131193999177,5023.24946355692,0.44625709256483,eb,psi,grad,6400,33,6
107879.731160661,0.63148400419374,6266.00440166684,0.498411559425978,eb,psi,grad,6400,34,6
181248.499528512,0.8185206422528,14263.0322162042,0.751966840507043,eb,psi,div,6400,30,9
191823.447153617,0.842060454149766,15122.3065988058,0.77428666152448,eb,psi,div,6400,31,9
181914.459275157,0.82002300503943,14265.4692493992,0.752031079648168,eb,psi,div,6400,32,9
183983.154758605,0.824672394655692,14230.6677638792,0.751113206576583,eb,psi,div,6400,33,9
177891.442264106,0.810904955585237,13653.2693362747,0.73571750120204,eb,psi,div,6400,34,9
392177.259295474,1.20401980289226,15827.5179674839,0.792134932876023,eb,psi,uvq,6400,30,9
331273.038532837,1.10658676581587,14212.9596529639,0.750645732508517,eb,psi,uvq,6400,31,9
361620.131011468,1.15616209269137,14166.6698508822,0.749422356756977,eb,psi,uvq,6400,32,9
256391.096094107,0.973517798259745,12953.935721078,0.716627759638859,eb,psi,uvq,6400,33,9
257765.076388741,0.976122816649377,14853.4784636135,0.767373581833786,eb,psi,uvq,6400,34,9
104026.264451544,0.620103136574066,5801.06182991637,0.479563924445195,eb,psi,grad,6400,30,9
112021.079848266,0.643490743131822,6503.14220321869,0.507755204617158,eb,psi,grad,6400,31,9
95828.0931455509,0.59516700891596,4880.3337109823,0.439863087288752,eb,psi,grad,6400,32,9
107361.877453844,0.629966528590634,6101.04844836016,0.491807327672046,eb,psi,grad,6400,33,9
104295.759039517,0.620905848979486,5636.58584992364,0.472716565212696,eb,psi,grad,6400,34,9
192276.293011733,0.843053812386483,16040.8081743271,0.797454441057141,eb,psi,div,6400,30,12
192426.475449672,0.843382992757982,15608.3072490335,0.786630282337817,eb,psi,div,6400,31,12
209398.183793191,0.879789717027543,17887.4829578822,0.842107188878928,eb,psi,div,6400,32,12
182455.099168091,0.82124063294678,15063.2726062423,0.772773865524163,eb,psi,div,6400,33,12
185918.458222203,0.828998378327552,15230.7617289835,0.777058240471734,eb,psi,div,6400,34,12
301245.916267663,1.05524428921559,14871.2038478864,0.767831317578673,eb,psi,uvq,6400,30,12
318431.05566909,1.08492604397737,14040.1957630844,0.746069592693071,eb,psi,uvq,6400,31,12
305213.257469872,1.06217022593924,16737.082225646,0.814577918712063,eb,psi,uvq,6400,32,12
318244.031051219,1.08460739151323,16127.4811583662,0.799605973605551,eb,psi,uvq,6400,33,12
310681.422276463,1.07164284509665,16754.2475025107,0.814995520540956,eb,psi,uvq,6400,34,12
107233.426193791,0.629589559527545,6151.80836387307,0.493848975841155,eb,psi,grad,6400,30,12
115431.611011192,0.653212978206463,6081.65509778332,0.491025053650021,eb,psi,grad,6400,31,12
107714.920209672,0.631001451733193,5742.62779112526,0.477142489891526,eb,psi,grad,6400,32,12
112653.198799164,0.645303752260952,5978.74596816786,0.4868529533268,eb,psi,grad,6400,33,12
110693.643643422,0.639666737253581,6134.96721123682,0.493172533612608,eb,psi,grad,6400,34,12
1326788.70537619,0.595419949397731,52615.6747707245,0.444181663445171,empb,psi,div,6400,35,3
1663436.84996008,0.666692635262832,78204.7308716511,0.541526316574796,empb,psi,div,6400,36,3
1578372.55040361,0.649422391009562,74105.755215382,0.527143702698889,empb,psi,div,6400,37,3
1459492.15246678,0.624486969230754,63399.8801041388,0.487581559717279,empb,psi,div,6400,38,3
1581733.82716785,0.650113522981968,71806.0317972024,0.518899816987553,empb,psi,div,6400,39,3
1464792.3561791,0.625619866237211,56995.5162048207,0.462299474410638,empb,psi,uvq,6400,35,3
2166001.56280492,0.760767377613741,93157.3559741137,0.59103286487581,empb,psi,uvq,6400,36,3
2229639.88877159,0.77186235692954,101724.505821569,0.617612174556459,empb,psi,uvq,6400,37,3
1426408.67694909,0.617368525422538,53551.9921413063,0.448116432274758,empb,psi,uvq,6400,38,3
1890039.46031921,0.710653557300621,82991.9239840249,0.5578545381574,empb,psi,uvq,6400,39,3
1281465.41981539,0.585161769089498,43889.2450599696,0.405678609811404,empb,psi,grad,6400,35,3
1301769.8888264,0.589779413722677,44216.9924986479,0.407190515795221,empb,psi,grad,6400,36,3
1262541.12814609,0.58082495280182,42130.9654126159,0.397469455116088,empb,psi,grad,6400,37,3
1457386.11769276,0.6240362418781,57100.2905410238,0.462724199756072,empb,psi,grad,6400,38,3
1394244.6484129,0.610368330348303,52018.1979255556,0.441652512466117,empb,psi,grad,6400,39,3
1907948.45430238,0.71401250397472,96477.6034396929,0.601473236368337,empb,psi,div,6400,35,6
2002912.69962193,0.731565992475618,101655.754585635,0.617403430474072,empb,psi,div,6400,36,6
1929416.94492337,0.718018348910427,96250.9938280571,0.600766441516606,empb,psi,div,6400,37,6
2026639.67078033,0.735886385767257,101731.383531161,0.617633052934516,empb,psi,div,6400,38,6
2287265.36761474,0.781773195301126,124812.856435614,0.684120674472651,empb,psi,div,6400,39,6
1969220.94181233,0.725386921969563,86355.9538511715,0.569048387170609,empb,psi,uvq,6400,35,6
1961900.18949934,0.724037321597456,79181.9792757352,0.54489927579376,empb,psi,uvq,6400,36,6
1839629.32890719,0.701112420669823,71771.8203133991,0.518776189158262,empb,psi,uvq,6400,37,6
1842156.6259949,0.701593852227691,80551.4324488287,0.549591095869587,empb,psi,uvq,6400,38,6
1772204.05590912,0.688144054004435,75816.9729940144,0.533195253372873,empb,psi,uvq,6400,39,6
1236860.97561345,0.574887601237559,39227.5134322383,0.383529208236977,empb,psi,grad,6400,35,6
1483738.11994223,0.629652781057717,58656.7257061078,0.46898825016027,empb,psi,grad,6400,36,6
1265897.88176818,0.581596568085925,42346.1784061744,0.398483336819962,empb,psi,grad,6400,37,6
1637792.9824475,0.66153374344868,67122.2687714358,0.501691066519587,empb,psi,grad,6400,38,6
1323146.56442984,0.594602150126931,45479.6959498938,0.41296365431545,empb,psi,grad,6400,39,6
2292835.88124274,0.782724599979645,122691.26907483,0.67828136162836,empb,psi,div,6400,35,9
2552625.61896573,0.825878309969676,143914.844813663,0.734608333695814,empb,psi,div,6400,36,9
2581458.69307893,0.830529549045734,147175.509461726,0.74288369750422,empb,psi,div,6400,37,9
2713636.22905666,0.851526784207401,160500.31130515,0.77578431296678,empb,psi,div,6400,38,9
2478011.04627461,0.813718364580202,136936.723144696,0.7165772558535,empb,psi,div,6400,39,9
2133110.81951184,0.754969153905083,91204.5190771234,0.584805209650725,empb,psi,uvq,6400,35,9
2148221.42460068,0.757638473451887,86172.3179809833,0.568443024692354,empb,psi,uvq,6400,36,9
2317916.06106544,0.786993872461595,90436.9747258884,0.582339255639808,empb,psi,uvq,6400,37,9
2173004.33418936,0.761996181200549,97092.1308088239,0.603385778918829,empb,psi,uvq,6400,38,9
2136027.01616811,0.755485040502628,93184.7503524367,0.591119759719512,empb,psi,uvq,6400,39,9
1593995.21193359,0.652628454193921,62380.4391058264,0.48364562966744,empb,psi,grad,6400,35,9
1405755.69686031,0.612882787605762,51303.4609773106,0.438607835636167,empb,psi,grad,6400,36,9
1444175.57846848,0.621201501654184,52447.9410566408,0.443473094056044,empb,psi,grad,6400,37,9
1474119.55414541,0.62760855105254,55860.2976696706,0.457672351304783,empb,psi,grad,6400,38,9
1438167.62391455,0.619908016257814,51538.3839251471,0.439610900116317,empb,psi,grad,6400,39,9
2489404.16912978,0.815586831164043,142024.939300707,0.729768914674743,empb,psi,div,6400,35,12
2882586.7636325,0.877634511128756,176400.53413665,0.813304175381498,empb,psi,div,6400,36,12
2644439.48070534,0.840599862800892,155021.679266905,0.762428764070478,empb,psi,div,6400,37,12
3035145.93552903,0.90055924167108,194902.574382679,0.854893158953382,empb,psi,div,6400,38,12
2654541.06104029,0.842203849850976,155267.031001065,0.763031870884063,empb,psi,div,6400,39,12
2014009.15498113,0.733589689503373,84856.121558443,0.564085119168978,empb,psi,uvq,6400,35,12
2038036.1722794,0.737952558002299,89941.2253607112,0.580740954502515,empb,psi,uvq,6400,36,12
2193309.74535542,0.765548099573185,84191.342534778,0.561871199427401,empb,psi,uvq,6400,37,12
1980073.35480722,0.727382986026468,67610.435077715,0.503512108915638,empb,psi,uvq,6400,38,12
2086213.26243536,0.746623834060633,77923.0232868562,0.540550098786734,empb,psi,uvq,6400,39,12
1405234.57055127,0.612769176488515,52257.4492858296,0.442667010735614,empb,psi,grad,6400,35,12
1552528.75282525,0.644083723895912,63730.6470334008,0.488851799122323,empb,psi,grad,6400,36,12
1407968.70469093,0.613365012588827,51952.8709461313,0.441375101004181,empb,psi,grad,6400,37,12
1520472.89271365,0.637399677650546,61226.8787652358,0.47915289252919,empb,psi,grad,6400,38,12
1430557.94000314,0.618265801318829,52515.440010078,0.443758370696861,empb,psi,grad,6400,39,12
977770.59597509,0.583559823440594,33962.9099987922,0.423961033830466,em,psi,div,6400,35,3
1099535.02935927,0.618830104319277,42584.8511492887,0.474734793139823,em,psi,div,6400,36,3
1057797.8399365,0.606971410880753,39524.8990621536,0.457360738169865,em,psi,div,6400,37,3
1192883.57697015,0.644563824559251,48048.3652335622,0.504269618611921,em,psi,div,6400,38,3
1187620.37554921,0.643140291024182,49181.9088528693,0.510183237850394,em,psi,div,6400,39,3
1008267.75679349,0.592590708115622,34258.4974970545,0.425801955207758,em,psi,uvq,6400,35,3
992288.351500343,0.587876154190827,31577.6591253599,0.408802423296653,em,psi,uvq,6400,36,3
1025313.4750223,0.597578866753865,33553.8048390312,0.421399855631495,em,psi,uvq,6400,37,3
896636.127722813,0.558823955011791,25809.5205094296,0.369584257013797,em,psi,uvq,6400,38,3
823358.367139132,0.535502311053361,23245.8110416598,0.350748519861458,em,psi,uvq,6400,39,3
994845.249294875,0.588633077405114,30534.1481847834,0.401991064692753,em,psi,grad,6400,35,3
927250.503822966,0.568284010630895,27121.4403598133,0.378860973183257,em,psi,grad,6400,36,3
899594.91293832,0.55974521962267,24915.0841888817,0.363123766849196,em,psi,grad,6400,37,3
988674.933919933,0.586804802595727,30698.0714844957,0.403068669630761,em,psi,grad,6400,38,3
969959.999295173,0.58122436285499,29862.1346815388,0.3975428256944,em,psi,grad,6400,39,3
1099200.45651654,0.618735946564338,43154.2807708751,0.477898246284701,em,psi,div,6400,35,6
1512518.68487835,0.725800515001587,73704.9298707574,0.624556545236491,em,psi,div,6400,36,6
1250442.33548527,0.659931307892476,53309.5855848216,0.531160961778459,em,psi,div,6400,37,6
1604290.28063556,0.747495141155992,80205.7656361444,0.651517806530652,em,psi,div,6400,38,6
1448394.75074991,0.710248571497994,69404.6769108773,0.606063129186494,em,psi,div,6400,39,6
999242.265572025,0.589932463246113,32363.7664516857,0.413859591396515,em,psi,uvq,6400,35,6
932458.94011489,0.56987782278342,27753.6347970354,0.383251117623125,em,psi,uvq,6400,36,6
1049585.8522137,0.604610773889455,34533.9350211972,0.427510247339332,em,psi,uvq,6400,37,6
1024559.29712661,0.597359049259403,33418.2847354627,0.420548000939126,em,psi,uvq,6400,38,6
890803.218162301,0.557003323463414,27369.6346166701,0.380590545254797,em,psi,uvq,6400,39,6
943294.584340527,0.573179393189846,26720.1509894533,0.37604771088893,em,psi,grad,6400,35,6
919264.372963542,0.565831488516185,26744.0659723313,0.376215957752697,em,psi,grad,6400,36,6
979824.249618257,0.584172339885625,29596.6133324242,0.395771488891331,em,psi,grad,6400,37,6
931716.957322111,0.569651044064275,27981.6597345475,0.384822300007751,em,psi,grad,6400,38,6
889164.897942348,0.556490881571683,25731.7506653174,0.369027017009564,em,psi,grad,6400,39,6
1279746.93810512,0.667619398870246,58362.3305250706,0.555763227930044,em,psi,div,6400,35,9
1577300.40355025,0.741180705235649,78482.3399223532,0.644480033095777,em,psi,div,6400,36,9
1454231.6979482,0.711678262915336,72935.8037874076,0.621289311397736,em,psi,div,6400,37,9
2151509.77603528,0.86564247825244,122259.992123395,0.804388174171043,em,psi,div,6400,38,9
1346413.58611663,0.684787998672729,61359.2272434423,0.569853783562611,em,psi,div,6400,39,9
910224.39176611,0.563042441218372,26681.1373177947,0.37577307993598,em,psi,uvq,6400,35,9
1018006.91010055,0.595445833590104,33773.0012084457,0.422774050819509,em,psi,uvq,6400,36,9
998819.865757612,0.589807761904269,31934.1307181375,0.411103377413016,em,psi,uvq,6400,37,9
866470.469715121,0.549343235219385,23829.8627966752,0.355127469140486,em,psi,uvq,6400,38,9
958007.451257092,0.577632128718643,30015.7166065765,0.398563802457521,em,psi,uvq,6400,39,9
995025.292196713,0.588686339162641,31005.530885761,0.405082126647457,em,psi,grad,6400,35,9
1072744.28741723,0.61124455449622,35620.8946849378,0.434186091210807,em,psi,grad,6400,36,9
957441.4981608,0.577461482348727,27430.970067177,0.381016758998376,em,psi,grad,6400,37,9
1063506.32347832,0.608606990063101,35990.9848313231,0.436435792895392,em,psi,grad,6400,38,9
923202.024519364,0.567042057778651,26513.3254599227,0.374589497614321,em,psi,grad,6400,39,9
1452668.51953407,0.711295662530301,70149.2869759141,0.60930553864101,em,psi,div,6400,35,12
1811800.86419118,0.794368709983031,96007.2122334103,0.712812693766874,em,psi,div,6400,36,12
1840376.60758992,0.800608598409575,99148.3366562394,0.724379600937402,em,psi,div,6400,37,12
2150070.33684999,0.865352856471752,124023.425416011,0.810168505472438,em,psi,div,6400,38,12
2006055.29437692,0.835869247990673,111609.177775292,0.768552340969379,em,psi,div,6400,39,12
1021656.76666103,0.59651230345927,29872.4021274664,0.397611163050643,em,psi,uvq,6400,35,12
948095.833062935,0.574636246624622,28424.4151666119,0.387854883738335,em,psi,uvq,6400,36,12
1024061.47088185,0.597213905320092,32270.4963327733,0.413262803864644,em,psi,uvq,6400,37,12
1095695.28205932,0.617748633851676,35644.340150603,0.434328957086031,em,psi,uvq,6400,38,12
888974.601161033,0.556431329012606,23340.4283845128,0.35146162019874,em,psi,uvq,6400,39,12
1073857.57080936,0.611561644020513,35284.1329705307,0.432128808773703,em,psi,grad,6400,35,12
1074366.56990824,0.611706564285734,36513.1814483483,0.439590535174429,em,psi,grad,6400,36,12
1003256.43904704,0.591116219082026,31861.2449499564,0.410633962692952,em,psi,grad,6400,37,12
944020.893761915,0.57340001646881,28966.9291836577,0.391538726741589,em,psi,grad,6400,38,12
1084119.02166905,0.614476643841459,37041.6327495845,0.442760180874707,em,psi,grad,6400,39,12
89247.7116595274,0.574368972372699,7001.75628881476,0.526861244533768,eb,psi,div,6400,35,3
93740.9602626005,0.588649968878542,7060.18376648469,0.52905492422541,eb,psi,div,6400,36,3
101778.167282024,0.613366057821762,7771.95385765155,0.555082921128386,eb,psi,div,6400,37,3
83536.8798373951,0.555688682020262,6504.21329246809,0.507797017384918,eb,psi,div,6400,38,3
90638.8764510255,0.578828202246015,6819.78054397982,0.519969605701317,eb,psi,div,6400,39,3
292292.907603342,1.03944512109818,15846.2231903232,0.792602873752532,eb,psi,uvq,6400,35,3
298079.132630698,1.04968311984999,15519.6988595847,0.784394253543976,eb,psi,uvq,6400,36,3
267672.939776768,0.994705823954856,12963.4009429198,0.716889525725174,eb,psi,uvq,6400,37,3
254387.766608591,0.96970701552973,14834.218572312,0.766875909658187,eb,psi,uvq,6400,38,3
249556.999816451,0.960455624885128,14155.4944834242,0.749126707792717,eb,psi,uvq,6400,39,3
104087.390016665,0.620285295322125,5838.4346790484,0.481106219374372,eb,psi,grad,6400,35,3
88851.0498821405,0.573091158491543,4645.61107650867,0.429155005762552,eb,psi,grad,6400,36,3
84751.013627926,0.559712333567574,4580.64653228253,0.426143774852784,eb,psi,grad,6400,37,3
85569.7531420301,0.562409393716637,4361.21073672767,0.415811306883356,eb,psi,grad,6400,38,3
92632.0374488077,0.585157848762497,4956.43597303757,0.443279358366417,eb,psi,grad,6400,39,3
155225.185263359,0.757484097580185,12018.494329067,0.690268078362456,eb,psi,div,6400,35,6
143322.028939887,0.727861754872719,11348.9167394244,0.670764335707503,eb,psi,div,6400,36,6
149806.954001015,0.744146448199914,12048.6077735558,0.69113230247613,eb,psi,div,6400,37,6
145574.415346801,0.733558837626373,11419.6021305274,0.672849981525967,eb,psi,div,6400,38,6
153010.954523274,0.752062074933692,11904.5921841202,0.686989373775235,eb,psi,div,6400,39,6
249557.74769729,0.960457064046964,11488.3578359632,0.674872505993091,eb,psi,uvq,6400,35,6
261867.532475091,0.983859887161721,11919.8692920778,0.687430037584275,eb,psi,uvq,6400,36,6
272265.972724109,1.00320366501497,14858.0563218814,0.767491825411356,eb,psi,uvq,6400,37,6
270292.969204248,0.999562146321373,13765.6013926304,0.738737853473966,eb,psi,uvq,6400,38,6
331317.605707693,1.1066611995632,14764.1797581615,0.765063389924977,eb,psi,uvq,6400,39,6
92886.4085721802,0.585960730888537,5102.79500050676,0.449776560504102,eb,psi,grad,6400,35,6
89295.141472259,0.574521573452617,4719.29357605327,0.432544959654675,eb,psi,grad,6400,36,6
96908.4275380396,0.598512464966554,5180.08408405239,0.453170011802033,eb,psi,grad,6400,37,6
91073.0911661477,0.580213013263805,5137.48693047304,0.451302899105534,eb,psi,grad,6400,38,6
99511.7629627686,0.606498367945361,5835.76053736623,0.480996027720578,eb,psi,grad,6400,39,6
189367.263488564,0.83665204714134,14835.7485133333,0.766915454871053,eb,psi,div,6400,35,9
186006.5455354,0.82919474288678,14591.6257840473,0.76057947255122,eb,psi,div,6400,36,9
183519.610122196,0.823632860484657,14360.3150376353,0.754526925215676,eb,psi,div,6400,37,9
181708.99495719,0.819559784388301,14527.3781090159,0.75890319015676,eb,psi,div,6400,38,9
177481.584218881,0.809970263135186,13705.0625310074,0.737111639470592,eb,psi,div,6400,39,9
307041.149363016,1.06534609405561,14085.7559651147,0.747279103994451,eb,psi,uvq,6400,35,9
447389.734456546,1.28598361085912,15144.587547615,0.774856861956249,eb,psi,uvq,6400,36,9
272820.520038801,1.00422480053001,12795.0885258079,0.712220394933779,eb,psi,uvq,6400,37,9
337190.763415663,1.11642682037895,15816.2396227223,0.791852653525758,eb,psi,uvq,6400,38,9
339979.108106702,1.12103337255864,16974.4484731262,0.820333778152459,eb,psi,uvq,6400,39,9
109142.975201467,0.635170501650069,5863.73340524346,0.482147441775557,eb,psi,grad,6400,35,9
87095.2614728457,0.567400468475808,4459.30653543141,0.420461680600824,eb,psi,grad,6400,36,9
101745.355190238,0.613267178827035,5423.54237404081,0.46369699042663,eb,psi,grad,6400,37,9
108814.296569842,0.63421338837327,6155.80997231608,0.494009568373663,eb,psi,grad,6400,38,9
102918.23159137,0.616791789638789,5622.79069344768,0.472137740184889,eb,psi,grad,6400,39,9
200212.933696675,0.860277354790375,16683.0380215525,0.813261715265235,eb,psi,div,6400,35,12
186112.442904327,0.829430748149275,15048.1454478625,0.772385742395191,eb,psi,div,6400,36,12
183723.396412784,0.824090028293566,14527.3898115026,0.758903495822816,eb,psi,div,6400,37,12
189635.405912728,0.837244183669037,15653.1810966448,0.787760250886979,eb,psi,div,6400,38,12
207682.702244029,0.87617849446996,17283.0881614168,0.827758084321471,eb,psi,div,6400,39,12
347748.066599021,1.13376954894336,16355.1998002097,0.805231369349003,eb,psi,uvq,6400,35,12
268826.148682955,0.99684625466246,14892.0975238537,0.76837052031991,eb,psi,uvq,6400,36,12
290499.656765033,1.03625165739755,15074.2837136841,0.773056259059588,eb,psi,uvq,6400,37,12
297870.479661395,1.04931567071117,17498.996724752,0.832912410693628,eb,psi,uvq,6400,38,12
312177.05702536,1.07421921725809,15286.6484279459,0.778482576839419,eb,psi,uvq,6400,39,12
117920.682111568,0.660218086786057,6474.41797428756,0.506632592100405,eb,psi,grad,6400,35,12
109063.866354508,0.634940268259808,5563.9088117422,0.46965912013283,eb,psi,grad,6400,36,12
110633.15319312,0.639491934910083,6031.41320739015,0.488992614354291,eb,psi,grad,6400,37,12
113198.841195256,0.646864647816298,6343.26092528322,0.501474722152005,eb,psi,grad,6400,38,12
114064.033931979,0.649331975501668,6059.04422744309,0.490111417286373,eb,psi,grad,6400,39,12
1716544.06356395,0.677251501688031,81681.1311149752,0.553431565092752,empb,psi,div,6400,40,3
1758585.09954911,0.685494844864845,83290.2451383286,0.558856265299087,empb,psi,div,6400,41,3
1532011.08591027,0.639813578270988,66435.5578299668,0.499118131684674,empb,psi,div,6400,42,3
1852316.32369607,0.7035258759366,94487.0026677618,0.595235863848552,empb,psi,div,6400,43,3
1586347.39402167,0.651060951123536,73628.8176771782,0.52544464136284,empb,psi,div,6400,44,3
1737873.20651191,0.68144615021864,84574.4304792185,0.563148063403814,empb,psi,div,6400,45,3
1716596.06403348,0.67726175983698,89244.545563709,0.578487388233071,empb,psi,div,6400,46,3
1650089.55449735,0.664012501695575,78437.212076232,0.542330623841157,empb,psi,div,6400,47,3
1490491.01972221,0.631084015809723,63493.9372181023,0.487943102339498,empb,psi,div,6400,48,3
1404950.09622758,0.612707149150248,60926.0739528836,0.477974415340111,empb,psi,div,6400,49,3
1845883.46985023,0.702303186488163,81927.9490998862,0.554267093616062,empb,psi,uvq,6400,40,3
2145176.47294175,0.757101333617841,93851.3188527985,0.593230189219678,empb,psi,uvq,6400,41,3
2413825.82674372,0.803110794857421,101430.976951919,0.616720462337268,empb,psi,uvq,6400,42,3
1867804.7427775,0.706461071187544,73152.9122204852,0.523743762788836,empb,psi,uvq,6400,43,3
1970144.83360422,0.725557065507303,80780.6977191097,0.550372662490619,empb,psi,uvq,6400,44,3
2212466.75543798,0.768884091752523,97227.3863636675,0.603805910164166,empb,psi,uvq,6400,45,3
1856030.03727424,0.704230773185197,76037.5577145403,0.533970339065219,empb,psi,uvq,6400,46,3
1760378.7031967,0.685844328298137,62789.2328976711,0.485227764054483,empb,psi,uvq,6400,47,3
2160784.27511366,0.75985058804103,98248.6921642957,0.606968905326023,empb,psi,uvq,6400,48,3
1826468.95423544,0.698600103871798,65264.9988166942,0.494701493194951,empb,psi,uvq,6400,49,3
1308580.40348229,0.591320185826225,46549.9135869097,0.417794283625197,empb,psi,grad,6400,40,3
1200684.13129205,0.566417788470563,36332.2300500698,0.369104280468567,empb,psi,grad,6400,41,3
1367629.41257191,0.604514489302363,50519.0391385961,0.435241797159192,empb,psi,grad,6400,42,3
1325176.67509787,0.595058125881024,48213.8857953326,0.425195952155614,empb,psi,grad,6400,43,3
1337604.47909183,0.597841908642324,48407.5197168546,0.426048920747512,empb,psi,grad,6400,44,3
1221045.87384061,0.571200381419061,40630.8561376906,0.390329199335154,empb,psi,grad,6400,45,3
1358132.61578244,0.602411963489999,47648.1549817929,0.422694014717884,empb,psi,grad,6400,46,3
1237135.41195992,0.574951376110175,39783.075459054,0.386235537568637,empb,psi,grad,6400,47,3
1305415.96518807,0.590604781236956,45421.6821722794,0.412700182605304,empb,psi,grad,6400,48,3
1277364.34958182,0.584224672947733,43572.7977757631,0.404213465742877,empb,psi,grad,6400,49,3
1705305.42295931,0.675030793886411,75696.1690587651,0.532770297319276,empb,psi,div,6400,40,6
2111268.85955841,0.751093960060683,110208.249909482,0.642850678990249,empb,psi,div,6400,41,6
1890839.76277839,0.71080399796835,93276.767742308,0.591411544994667,empb,psi,div,6400,42,6
2342614.39012627,0.791175630716836,126439.941652955,0.688565402367363,empb,psi,div,6400,43,6
2049478.37943367,0.740021213045943,105742.626872155,0.629691892278996,empb,psi,div,6400,44,6
1988668.36471985,0.728959971595015,100901.817429491,0.615109661289113,empb,psi,div,6400,45,6
2132362.92932732,0.754836792399312,111736.088799245,0.647291324989399,empb,psi,div,6400,46,6
2432794.89202208,0.806260245061681,135908.670616704,0.713882336215912,empb,psi,div,6400,47,6
1876237.31335493,0.708054003792276,95363.4995394563,0.597990306334368,empb,psi,div,6400,48,6
2000296.71252684,0.731088090345128,107184.352235228,0.633970059318622,empb,psi,div,6400,49,6
2245882.75049402,0.774668752484056,98368.1752096588,0.607337869308542,empb,psi,uvq,6400,40,6
1967064.4261429,0.724989623541061,84142.4107837361,0.561707896784023,empb,psi,uvq,6400,41,6
2043912.73033406,0.739015713678391,81896.0539163542,0.554159192882581,empb,psi,uvq,6400,42,6
1787595.8302478,0.69112589451524,73674.1183020984,0.525606258181207,empb,psi,uvq,6400,43,6
1549590.3337491,0.643473917393021,55741.4290578639,0.457185137201151,empb,psi,uvq,6400,44,6
2033118.32850506,0.73706166916733,87106.5085127177,0.57151595242083,empb,psi,uvq,6400,45,6
1917934.25750097,0.715878561584141,79687.7173697019,0.546636651484515,empb,psi,uvq,6400,46,6
2019984.71397718,0.734677162649705,80722.2300892845,0.550173451473895,empb,psi,uvq,6400,47,6
2317784.44017497,0.786971527755813,103627.609801023,0.62336267505544,empb,psi,uvq,6400,48,6
1812801.01771768,0.695981293318074,70858.0903550732,0.515463330987658,empb,psi,uvq,6400,49,6
1379756.88131483,0.60718884308822,49985.3187266927,0.432936584727316,empb,psi,grad,6400,40,6
1382160.50203893,0.607717492970674,49672.5784414432,0.431580094843918,empb,psi,grad,6400,41,6
1271013.18280212,0.582770455096518,44586.8515322817,0.408889969528952,empb,psi,grad,6400,42,6
1328844.90257599,0.595881148250785,48531.1509786573,0.426592631493064,empb,psi,grad,6400,43,6
1367757.20628006,0.604542732093475,48242.8723369605,0.425323748412402,empb,psi,grad,6400,44,6
1301964.9467089,0.589823598495824,45447.3476106521,0.412816763880513,empb,psi,grad,6400,45,6
1389536.20829104,0.609336835208909,49229.0903788308,0.429649152651562,empb,psi,grad,6400,46,6
1267492.35014997,0.581962729340997,42609.268089236,0.399719275093095,empb,psi,grad,6400,47,6
1413658.10332827,0.61460302300709,53627.8266136219,0.44843360675972,empb,psi,grad,6400,48,6
1377352.44133672,0.606659552113115,49745.4839166729,0.431896698250385,empb,psi,grad,6400,49,6
2238708.2720066,0.773430422023729,120391.375445943,0.671893967865368,empb,psi,div,6400,40,9
2320564.913596,0.787443421847916,126360.920313667,0.688350201918781,empb,psi,div,6400,41,9
2292645.44023932,0.782692093083966,125288.79237556,0.685423776669009,empb,psi,div,6400,42,9
2606925.80366795,0.83461624573903,151760.807058983,0.754367322923955,empb,psi,div,6400,43,9
2469211.79846603,0.81227235062429,137859.875001144,0.718988583026429,empb,psi,div,6400,44,9
2564528.48713116,0.82780160172459,147018.684966479,0.742487798033733,empb,psi,div,6400,45,9
2281145.76969646,0.78072667442635,123556.446063057,0.680668664833995,empb,psi,div,6400,46,9
2441963.92916046,0.807778185943365,135315.463235149,0.712322673476603,empb,psi,div,6400,47,9
2387267.47255125,0.798680422306893,133305.510759757,0.707012521819083,empb,psi,div,6400,48,9
2165235.91215731,0.760632905522579,116504.201052555,0.660957974859155,empb,psi,div,6400,49,9
2388229.87953996,0.798841396763117,96242.8566476464,0.600741046203528,empb,psi,uvq,6400,40,9
2212398.84809082,0.768872291964015,97061.2537653988,0.603289827526023,empb,psi,uvq,6400,41,9
2611122.41886121,0.835287755979953,94436.2573341514,0.595076003241963,empb,psi,uvq,6400,42,9
2086472.45019886,0.746670212289328,84085.1822982998,0.561516844735296,empb,psi,uvq,6400,43,9
1630257.77683028,0.660010187173376,61501.9920719979,0.480228184880612,empb,psi,uvq,6400,44,9
2033646.00234032,0.737157311147458,80863.621687011,0.550655077595956,empb,psi,uvq,6400,45,9
1794323.62250127,0.692425233164737,78432.0385048813,0.542312737990988,empb,psi,uvq,6400,46,9
1631967.43824665,0.660356174870549,57769.5076936473,0.465427871942845,empb,psi,uvq,6400,47,9
2101357.17013889,0.74932882056374,79719.9340675105,0.546747139328792,empb,psi,uvq,6400,48,9
2144049.08989417,0.75690236271905,74083.2310836464,0.527063585058044,empb,psi,uvq,6400,49,9
1521421.87410163,0.637598558564923,58264.3274651374,0.467416913076,empb,psi,grad,6400,40,9
1460333.39635465,0.624666918867746,55043.773258117,0.45431508007945,empb,psi,grad,6400,41,9
1545106.82480134,0.642542345069485,61436.035963686,0.479970612096082,empb,psi,grad,6400,42,9
1395368.80297222,0.61061434531083,50653.3436449266,0.435819956767403,empb,psi,grad,6400,43,9
1458497.67035394,0.624274173653786,53364.8372902149,0.447332702628207,empb,psi,grad,6400,44,9
1490268.66947018,0.631036941750981,55907.5590726133,0.457865920486334,empb,psi,grad,6400,45,9
1536053.04982816,0.640657044716406,59476.1899809557,0.472252889666479,empb,psi,grad,6400,46,9
1378424.78329776,0.606895664491582,48233.5810005464,0.425282788824656,empb,psi,grad,6400,47,9
1572905.00384791,0.648296602463381,62256.0400367998,0.483163145958036,empb,psi,grad,6400,48,9
1509123.67604833,0.635016360986555,56920.5326441091,0.461995272678348,empb,psi,grad,6400,49,9
2644483.27042367,0.840606822589366,153139.031418134,0.757784995784611,empb,psi,div,6400,40,12
2654216.37364367,0.842152341637045,153058.449544187,0.757585596031643,empb,psi,div,6400,41,12
2632327.05403235,0.838672537565595,155467.824768131,0.763525093884159,empb,psi,div,6400,42,12
2945045.34259616,0.887091650128317,183453.188495264,0.829403160963624,empb,psi,div,6400,43,12
2494643.12470238,0.816444582096656,142239.995641203,0.730321219316192,empb,psi,div,6400,44,12
2695705.8535451,0.84870888627232,161853.25158694,0.779047195225545,empb,psi,div,6400,45,12
2704660.64695531,0.850117369253404,162156.827860607,0.779777453807183,empb,psi,div,6400,46,12
3221491.05910105,0.927792726999199,212596.109174048,0.892854537392661,empb,psi,div,6400,47,12
2455309.02176568,0.809982392757109,137368.264939653,0.717705476911887,empb,psi,div,6400,48,12
2377353.62334045,0.797020316150436,132498.797080337,0.70486999153173,empb,psi,div,6400,49,12
2262336.75672154,0.777501300981031,76060.6406480061,0.534051382347595,empb,psi,uvq,6400,40,12
2163158.03976007,0.760267846575899,67601.5099034563,0.503478873797214,empb,psi,uvq,6400,41,12
2649128.65156698,0.84134481661387,106556.750758267,0.6321112773193,empb,psi,uvq,6400,42,12
2393138.72742712,0.799661958042592,100118.74417334,0.612718157733042,empb,psi,uvq,6400,43,12
2423073.80690534,0.804647784888714,97330.7962076139,0.604126925073848,empb,psi,uvq,6400,44,12
2109653.67409755,0.75080660012717,89312.3644345394,0.578707149063614,empb,psi,uvq,6400,45,12
2204798.59323719,0.767550502119253,78220.7431932782,0.541581752158106,empb,psi,uvq,6400,46,12
2235829.43672997,0.772932971087226,88329.1285039464,0.575512852364013,empb,psi,uvq,6400,47,12
2165799.40788219,0.760731875224996,86632.7279410463,0.569959568436212,empb,psi,uvq,6400,48,12
2026612.83065349,0.73588151283656,83039.0145167456,0.558012782121111,empb,psi,uvq,6400,49,12
1506537.75310495,0.634472069139077,57859.9922713919,0.465792229959757,empb,psi,grad,6400,40,12
1389889.13233448,0.609414212093801,50994.5248347151,0.437285250220168,empb,psi,grad,6400,41,12
1509477.17688902,0.635090730528609,58740.0686593881,0.469321315047312,empb,psi,grad,6400,42,12
1598835.1895503,0.653618517702292,67742.6307894034,0.504004116079678,empb,psi,grad,6400,43,12
1467588.65948468,0.626216738815135,57450.540020757,0.464141190264952,empb,psi,grad,6400,44,12
1426412.39703988,0.617369330474241,52610.2946665486,0.444158953437883,empb,psi,grad,6400,45,12
1410779.84790489,0.613977027999591,51223.3660303223,0.438265324695091,empb,psi,grad,6400,46,12
1686796.7525019,0.671357549045716,72183.5422972394,0.520262051695421,empb,psi,grad,6400,47,12
1577367.12089058,0.649215515752517,62713.3773902523,0.484934574283348,empb,psi,grad,6400,48,12
1512419.50373243,0.635709399963393,60463.9262941164,0.476158154814635,empb,psi,grad,6400,49,12
1047281.94404328,0.603946829652593,36328.5406953589,0.438477660379173,em,psi,div,6400,40,3
1479529.63263677,0.717841780136553,70531.0770189171,0.610961372479779,em,psi,div,6400,41,3
1146801.32031397,0.631991140128624,45885.6877403594,0.492790263013004,em,psi,div,6400,42,3
991729.531829667,0.587710595951883,35683.7678429917,0.434569105388748,em,psi,div,6400,43,3
1412246.45212558,0.701329559758947,66682.8266290402,0.594060252999875,em,psi,div,6400,44,3
972666.301995874,0.582034640288993,34005.6213480425,0.424227534231601,em,psi,div,6400,45,3
1178468.9314042,0.640657576533537,50091.0549331323,0.514877109688464,em,psi,div,6400,46,3
1458428.921754,0.712704550790669,69573.7853176337,0.606801033458809,em,psi,div,6400,47,3
1018850.77694974,0.595692576960292,35916.1976771536,0.435982113111226,em,psi,div,6400,48,3
939010.670885335,0.571876382909089,32629.7507917893,0.415556781359946,em,psi,div,6400,49,3
977542.541423763,0.583491764922965,30895.351264768,0.404361746850461,em,psi,uvq,6400,40,3
996252.203169403,0.589049165728597,29507.7209050049,0.395176698805002,em,psi,uvq,6400,41,3
966526.48396358,0.580194726599158,27597.0273077147,0.382168288197366,em,psi,uvq,6400,42,3
1023443.54626512,0.597033696968332,35404.1934210746,0.432863381455451,em,psi,uvq,6400,43,3
882246.38402036,0.554321650362366,24383.0748343481,0.359225974147277,em,psi,uvq,6400,44,3
921514.184307357,0.56652347451917,26382.3916300167,0.373663413473198,em,psi,uvq,6400,45,3
1052687.94502571,0.605503590305472,35238.106538106,0.431846871311367,em,psi,uvq,6400,46,3
969307.306860129,0.581028775106506,30815.8244614025,0.403840983750706,em,psi,uvq,6400,47,3
1006192.54086425,0.591980559129772,32241.6586071235,0.413078111585914,em,psi,uvq,6400,48,3
904226.447522153,0.561184284608651,27579.3088497961,0.382045584402275,em,psi,uvq,6400,49,3
939247.183443907,0.571948398826961,27767.3092945652,0.383345521853667,em,psi,grad,6400,40,3
986488.311862774,0.586155534304571,32162.7854116715,0.412572542980657,em,psi,grad,6400,41,3
917405.445011108,0.565259089381109,26770.5013429525,0.376401848556434,em,psi,grad,6400,42,3
913512.597418121,0.56405852599506,26554.3138047638,0.374878934600348,em,psi,grad,6400,43,3
921109.18871108,0.56639897034394,26814.3681164569,0.376710112789417,em,psi,grad,6400,44,3
964448.759986256,0.579570774196328,28950.8007707693,0.391429709705905,em,psi,grad,6400,45,3
1066039.44958907,0.609331368141001,36525.9147194992,0.439667177873642,em,psi,grad,6400,46,3
959150.131993583,0.577976516646583,29019.8016399753,0.391895895708301,em,psi,grad,6400,47,3
1001211.60068249,0.590513504952105,31033.8933627833,0.405267359829177,em,psi,grad,6400,48,3
991458.992302104,0.587630428029629,31464.0549322646,0.40806640429123,em,psi,grad,6400,49,3
1267969.23453032,0.664540197028669,52552.3724528078,0.527375146226358,em,psi,div,6400,40,6
1861694.75683765,0.805232204267914,99655.2082917201,0.726228847317081,em,psi,div,6400,41,6
1204801.37922718,0.647775660527176,50316.107958221,0.516032453592855,em,psi,div,6400,42,6
2203431.00135647,0.87602525278704,128863.675464359,0.825826381376686,em,psi,div,6400,43,6
1345878.67695101,0.684651957351822,59671.6315846049,0.56196264998699,em,psi,div,6400,44,6
1396768.79298276,0.697475825372155,64054.1235591671,0.582233301776708,em,psi,div,6400,45,6
1572628.93735871,0.740082319653398,78594.2648403562,0.644939421001467,em,psi,div,6400,46,6
2256564.13829928,0.886524492937308,133554.611503243,0.84072302094635,em,psi,div,6400,47,6
1118845.79426875,0.624240604791041,46645.5075074429,0.496853560876751,em,psi,div,6400,48,6
1235798.32398221,0.656055678307854,56118.5069974375,0.544974961735684,em,psi,div,6400,49,6
899086.505978696,0.559587026985083,25534.945480904,0.367613086169771,em,psi,uvq,6400,40,6
935280.514502082,0.570739382494079,27733.7861230139,0.383114047521661,em,psi,uvq,6400,41,6
1067761.45933233,0.609823306390987,34865.5233703967,0.429557780570096,em,psi,uvq,6400,42,6
981302.615024413,0.584612875351755,31078.3863028996,0.405557769380564,em,psi,uvq,6400,43,6
970239.90647198,0.581308220506482,30000.2234082939,0.398460925935419,em,psi,uvq,6400,44,6
995481.132467441,0.588821168003492,30452.4644688002,0.401453009502094,em,psi,uvq,6400,45,6
946565.977780858,0.574172440547311,30618.8921073781,0.40254851753964,em,psi,uvq,6400,46,6
924472.915715257,0.567432222063871,29061.0377677519,0.392174232078603,em,psi,uvq,6400,47,6
988477.572530273,0.586746230062131,29395.3798775956,0.394423728225336,em,psi,uvq,6400,48,6
918791.507033071,0.565685939064747,26314.4677554413,0.373182088192677,em,psi,uvq,6400,49,6
1030048.30012132,0.598957065947511,33207.4448715432,0.419219258582059,em,psi,grad,6400,40,6
954160.136180747,0.576471089478692,27637.5993999242,0.382449109609607,em,psi,grad,6400,41,6
925479.261277426,0.567740980477573,28128.8375688991,0.385833016192898,em,psi,grad,6400,42,6
945391.70244978,0.573816181297196,27866.5163450315,0.384029719767137,em,psi,grad,6400,43,6
957858.591214853,0.577587249274609,28496.5045450683,0.388346406813809,em,psi,grad,6400,44,6
1077188.20893523,0.612509308608964,35464.6375048723,0.433232728562546,em,psi,grad,6400,45,6
933454.06557826,0.570181830115908,27162.9522387406,0.37915080324474,em,psi,grad,6400,46,6
948535.535329977,0.574769481875231,27731.1428202817,0.383095789817232,em,psi,grad,6400,47,6
971285.495884031,0.581621362674446,28850.6936049126,0.390752373496034,em,psi,grad,6400,48,6
959732.437506557,0.5781519364451,29083.0050050278,0.392322426321988,em,psi,grad,6400,49,6
1534038.54178865,0.730945561663067,76252.0128456124,0.635256549862247,em,psi,div,6400,40,9
1952132.97631633,0.82455873493085,105810.935779834,0.748322447547126,em,psi,div,6400,41,9
1508208.3569675,0.724765595479141,76345.1910373922,0.635644565749526,em,psi,div,6400,42,9
2247961.58081119,0.884833058587356,132661.619790261,0.837907626357903,em,psi,div,6400,43,9
1753466.80127963,0.78147604819876,91014.3838707876,0.694030429123154,em,psi,div,6400,44,9
1512831.20446815,0.725875494294686,75150.0944341362,0.630649797652519,em,psi,div,6400,45,9
2049260.18631346,0.8448224557528,114084.056151289,0.777026753802368,em,psi,div,6400,46,9
1858178.6467757,0.804471439608867,98663.6425416188,0.722606839582913,em,psi,div,6400,47,9
1355417.28852615,0.687073831971655,60162.8920057223,0.564271151743051,em,psi,div,6400,48,9
1303160.6259203,0.673698953318335,61039.5849901493,0.568367558948443,em,psi,div,6400,49,9
1021416.24969591,0.596442084292463,31465.3074020285,0.408074526031229,em,psi,uvq,6400,40,9
1091860.4657738,0.616666659252727,37434.8276374014,0.445103915085725,em,psi,uvq,6400,41,9
954505.225893161,0.576575325786167,29303.0953596319,0.393804110162288,em,psi,uvq,6400,42,9
960763.769086897,0.578462495005783,29748.1725159337,0.396783533894828,em,psi,uvq,6400,43,9
944137.991455311,0.573435578042574,28616.9807228239,0.389166457295635,em,psi,uvq,6400,44,9
830473.497168439,0.537811131014107,23771.6401360042,0.35469336863225,em,psi,uvq,6400,45,9
1603790.35890771,0.747378666543074,82093.0078098312,0.659138348381678,em,psi,uvq,6400,46,9
814323.70080606,0.532556188062416,22283.3841798585,0.343410894935785,em,psi,uvq,6400,47,9
989052.59557598,0.586916868000917,30758.1757038289,0.403463063805602,em,psi,uvq,6400,48,9
903801.471590512,0.561052394061059,27559.6156337091,0.381909158760511,em,psi,uvq,6400,49,9
972396.61536663,0.581953945686023,29185.024625384,0.393009933443022,em,psi,grad,6400,40,9
993458.733411056,0.588222745407629,30760.3399475001,0.40347725803206,em,psi,grad,6400,41,9
983034.398034709,0.585128504449036,30316.4106186711,0.400555210729459,em,psi,grad,6400,42,9
983438.823944378,0.585248854659715,29693.3756340774,0.396417922827322,em,psi,grad,6400,43,9
999046.674423852,0.589874723887633,31969.4235373592,0.411330485374323,em,psi,grad,6400,44,9
1001189.06897649,0.590506860326965,32469.802133768,0.414537015606804,em,psi,grad,6400,45,9
1270235.46511162,0.665133795422411,50668.0296398232,0.517833930090243,em,psi,grad,6400,46,9
946426.082968952,0.574130009953207,27979.2254596087,0.38480556076383,em,psi,grad,6400,47,9
991227.976917057,0.587561963484301,31134.6456749057,0.4059246820755,em,psi,grad,6400,48,9
971125.521670609,0.581573463137234,29756.348879707,0.396838058649564,em,psi,grad,6400,49,9
1474645.85648442,0.716656039638856,71967.355541536,0.617150759438616,em,psi,div,6400,40,12
2029487.47268412,0.840736853978344,113967.358414745,0.776629237852272,em,psi,div,6400,41,12
1512084.90333078,0.72569642985854,74321.3020746431,0.627162597626231,em,psi,div,6400,42,12
2200041.64588444,0.875351234933749,128247.817756675,0.823850647507374,em,psi,div,6400,43,12
1796039.31008697,0.790905902653619,95879.1161953467,0.712337005759317,em,psi,div,6400,44,12
1779764.0894393,0.787314260225292,95111.3264999859,0.709479113604436,em,psi,div,6400,45,12
2354987.61904913,0.905651710988713,141479.46866117,0.86530697697574,em,psi,div,6400,46,12
2199456.48003015,0.875234814474379,126549.984359946,0.818379125614442,em,psi,div,6400,47,12
1796879.68021807,0.79109091418521,95337.6972411805,0.710322913547439,em,psi,div,6400,48,12
1669830.49557869,0.762611046713623,88062.5287109432,0.682682973465478,em,psi,div,6400,49,12
1139316.92652249,0.629925475720108,38596.5843656114,0.451957847881094,em,psi,uvq,6400,40,12
1093212.28820961,0.617048285836718,34648.1390734854,0.428216554111965,em,psi,uvq,6400,41,12
1043895.35234541,0.602969548655471,31081.952122208,0.40558103481384,em,psi,uvq,6400,42,12
932007.09290616,0.569739731499009,27834.4433542003,0.383808656473297,em,psi,uvq,6400,43,12
975526.089304032,0.582889647603206,28942.782111302,0.391375497752649,em,psi,uvq,6400,44,12
975227.500897004,0.582800435529268,27103.8962515617,0.378738416027561,em,psi,uvq,6400,45,12
1192503.38145316,0.644461098773289,45135.4814077044,0.488745233389617,em,psi,uvq,6400,46,12
873166.289609812,0.551461728933289,23954.1602714907,0.356052443757226,em,psi,uvq,6400,47,12
1077507.75050496,0.612600150521043,34094.0358065744,0.424778671041228,em,psi,uvq,6400,48,12
1026075.34569459,0.59780084436395,30363.1045557908,0.400863563583685,em,psi,uvq,6400,49,12
1019353.53121755,0.595839531772332,31566.8681356559,0.408732567585348,em,psi,grad,6400,40,12
961202.36219292,0.578594515343281,28835.5803863134,0.390650013744937,em,psi,grad,6400,41,12
1060163.50500717,0.607649748980508,36082.334375567,0.436989305746009,em,psi,grad,6400,42,12
1055256.67759544,0.606241904595403,34731.2643322946,0.428729919170214,em,psi,grad,6400,43,12
1097886.6497873,0.618366067488665,37837.0395592294,0.447488696850374,em,psi,grad,6400,44,12
1026127.00174857,0.597815891818397,33056.7205489496,0.418266785407962,em,psi,grad,6400,45,12
1102711.3088147,0.619723281810936,36524.7839375831,0.439660372136599,em,psi,grad,6400,46,12
1117649.89073973,0.623906898779229,39577.0184433294,0.457662187460385,em,psi,grad,6400,47,12
1158423.38740956,0.635185471931287,41842.4509570022,0.470578469902818,em,psi,grad,6400,48,12
1113270.11740048,0.622683236012699,39640.9408806494,0.458031632664785,em,psi,grad,6400,49,12
82297.5642242111,0.551551305819552,6043.81618523504,0.489495137524428,eb,psi,div,6400,40,3
85855.4506995219,0.563347488605066,6016.4341229622,0.488385027477098,eb,psi,div,6400,41,3
77415.1605608116,0.534940446439663,5422.59492839869,0.463656486743713,eb,psi,div,6400,42,3
85394.5318569783,0.56183327544453,6221.65452400777,0.496644584620204,eb,psi,div,6400,43,3
75389.236565583,0.527894453652913,5664.10338181108,0.473869049716988,eb,psi,div,6400,44,3
78989.2095298577,0.540351436355998,6062.93327301617,0.490268683004237,eb,psi,div,6400,45,3
113105.1495484,0.646596896136373,8802.13828355486,0.590727041582798,eb,psi,div,6400,46,3
74003.7751686304,0.523021285628225,5814.14480781341,0.480104393666629,eb,psi,div,6400,47,3
99125.2164446052,0.605319271449775,7157.5403668518,0.532690143936211,eb,psi,div,6400,48,3
83781.9983894294,0.556503351141621,6056.3712363767,0.490003297267058,eb,psi,div,6400,49,3
293957.202867643,1.04240018430574,12047.5728094329,0.691102618029921,eb,psi,uvq,6400,40,3
252574.815767908,0.966245420985449,14678.8065741443,0.762848211223372,eb,psi,uvq,6400,41,3
312312.011969332,1.07445138603307,15527.4915722509,0.784591157877528,eb,psi,uvq,6400,42,3
225436.156666974,0.912860073226906,11946.2059759823,0.68818904918723,eb,psi,uvq,6400,43,3
299137.080598511,1.05154424729239,13843.0552463812,0.740813238032473,eb,psi,uvq,6400,44,3
287247.033221307,1.0304340525718,14379.2625534751,0.755024536101599,eb,psi,uvq,6400,45,3
259698.275805606,0.979776366546073,14031.833564835,0.745847383859135,eb,psi,uvq,6400,46,3
279800.471991288,1.01698991852647,13231.9158606907,0.724276048748805,eb,psi,uvq,6400,47,3
273340.891074678,1.00518206091679,14788.4744058572,0.765692592015696,eb,psi,uvq,6400,48,3
267873.905640263,0.995079160923559,13071.3635800613,0.719868558980716,eb,psi,uvq,6400,49,3
100573.582004139,0.609725537817213,5561.45207301669,0.46955541991204,eb,psi,grad,6400,40,3
84721.0760462211,0.559613468002263,4609.32082246872,0.427475498098919,eb,psi,grad,6400,41,3
80388.7107483205,0.545117291277307,4212.80782368875,0.408675481042814,eb,psi,grad,6400,42,3
91721.4864806529,0.582274764791458,4867.3831557477,0.439279084673738,eb,psi,grad,6400,43,3
91896.2246617502,0.582829145365306,5340.26589818801,0.460123271670734,eb,psi,grad,6400,44,3
101043.922144029,0.61114958917053,6017.92128614283,0.488445384105185,eb,psi,grad,6400,45,3
92867.6517325219,0.585901565470526,4945.81673154452,0.442804237266645,eb,psi,grad,6400,46,3
81627.0842565628,0.549299961022869,4497.9999398819,0.422281913667213,eb,psi,grad,6400,47,3
79901.1763938141,0.543461787815512,4547.32911515151,0.424591164157253,eb,psi,grad,6400,48,3
107195.546661923,0.629478350434025,6301.93122504902,0.499838365827931,eb,psi,grad,6400,49,3
156007.271600793,0.759389953344013,12410.9581305026,0.701447890666723,eb,psi,div,6400,40,6
160688.329549067,0.770698643152283,12585.5649465377,0.706364908692015,eb,psi,div,6400,41,6
160114.086944801,0.769320310014476,12472.0512420181,0.703172214697849,eb,psi,div,6400,42,6
168441.132246217,0.789071763014275,12983.1966446137,0.717436678347084,eb,psi,div,6400,43,6
148624.054357663,0.741202675935586,11724.4123946555,0.681770650377321,eb,psi,div,6400,44,6
162201.4563332,0.774318794988621,12593.728649889,0.706593965503228,eb,psi,div,6400,45,6
150986.695411324,0.747070807669556,12057.1396548543,0.691376962081557,eb,psi,div,6400,46,6
151895.087719364,0.749314766001552,12270.8894493702,0.697478428059082,eb,psi,div,6400,47,6
151800.187195497,0.749080652195108,12087.8101067862,0.692255751604294,eb,psi,div,6400,48,6
151382.197355993,0.74804862468393,11813.80274273,0.684364724658053,eb,psi,div,6400,49,6
270855.667749046,1.00060205450236,16299.8533632541,0.803867752413367,eb,psi,uvq,6400,40,6
267138.851070776,0.993712958523073,14447.6390491112,0.75681755935589,eb,psi,uvq,6400,41,6
298314.806738601,1.05009800003981,16672.0632849561,0.812994174022557,eb,psi,uvq,6400,42,6
292620.341586998,1.04002716463088,16330.4678969757,0.804622314157151,eb,psi,uvq,6400,43,6
262271.481231288,0.98461843066389,15873.7804257278,0.79329175891936,eb,psi,uvq,6400,44,6
244919.114895752,0.951488989426801,13119.8617844042,0.721202773605974,eb,psi,uvq,6400,45,6
270908.144404993,1.00069898012172,16188.6458450624,0.801120821603721,eb,psi,uvq,6400,46,6
276559.333879502,1.01108248375262,12820.4475143968,0.712925831581562,eb,psi,uvq,6400,47,6
288873.784868986,1.03334773578809,17161.1730282344,0.824833409265248,eb,psi,uvq,6400,48,6
236144.669245351,0.934289567602718,11279.3116894803,0.668704209881669,eb,psi,uvq,6400,49,6
95332.832487587,0.593627039623855,4988.21224985633,0.444698045442285,eb,psi,grad,6400,40,6
109839.119588017,0.637192929325818,6129.23077990682,0.492941912005134,eb,psi,grad,6400,41,6
93575.9203117067,0.588131553235171,5005.06891662965,0.445448795826767,eb,psi,grad,6400,42,6
107078.695313198,0.629135167098909,5802.53112122569,0.479624652508119,eb,psi,grad,6400,43,6
89581.6480379619,0.575442521541384,4721.90513877917,0.432664623969036,eb,psi,grad,6400,44,6
99744.011786682,0.607205703628093,5274.35900927527,0.457275151306675,eb,psi,grad,6400,45,6
92076.9170460556,0.58340186242148,4974.85250281647,0.444102136892184,eb,psi,grad,6400,46,6
103237.96816318,0.617749141692682,5879.84852322703,0.48280952267841,eb,psi,grad,6400,47,6
107134.43489183,0.629298893256544,6258.83971147375,0.498126530438827,eb,psi,grad,6400,48,6
98531.9660375135,0.603505177970359,5221.11438950582,0.454961201833599,eb,psi,grad,6400,49,6
181668.068889187,0.819467485027151,13756.3349737679,0.738489168124527,eb,psi,div,6400,40,9
183826.566024104,0.824321379109684,14247.2726599308,0.751551292856051,eb,psi,div,6400,41,9
191524.827683988,0.841404763750503,15101.5303771235,0.773754590562549,eb,psi,div,6400,42,9
186791.424181364,0.830942348429353,14860.9260900645,0.767565940666812,eb,psi,div,6400,43,9
179829.137481525,0.815309414120802,14124.1587706675,0.748297085593215,eb,psi,div,6400,44,9
186101.33756857,0.829406001699729,14994.1641143587,0.770999130613064,eb,psi,div,6400,45,9
177559.06373313,0.810147039940726,13674.1332266203,0.736279420447147,eb,psi,div,6400,46,9
178923.237144917,0.813253235669086,13656.3219913664,0.735799744004051,eb,psi,div,6400,47,9
179228.5056864,0.813946702966298,13761.2234711744,0.738620372465016,eb,psi,div,6400,48,9
180423.911823044,0.816656595181282,13791.8635155083,0.7394422026442,eb,psi,div,6400,49,9
353055.619999226,1.1423889427994,14261.9951215501,0.751939501475786,eb,psi,uvq,6400,40,9
348025.464272301,1.1342216612197,14868.8934003642,0.76777166864595,eb,psi,uvq,6400,41,9
300739.124650094,1.05435628701851,12503.0304934011,0.70404497564255,eb,psi,uvq,6400,42,9
291529.195961325,1.03808628628228,12538.691798404,0.705048303810383,eb,psi,uvq,6400,43,9
316393.908077429,1.08145009426982,16629.9715346231,0.811967247317697,eb,psi,uvq,6400,44,9
407713.326673575,1.22763674766619,15822.3184667339,0.792004809994441,eb,psi,uvq,6400,45,9
272638.25923552,1.00388930267604,14441.2198879513,0.756649411687988,eb,psi,uvq,6400,46,9
273498.455470485,1.00547173233371,12487.1117384603,0.703596640775118,eb,psi,uvq,6400,47,9
292812.075103716,1.04036783713993,13159.74882142,0.722298242874913,eb,psi,uvq,6400,48,9
310005.303899104,1.07047613218369,12237.5063235658,0.696529032014798,eb,psi,uvq,6400,49,9
104704.883200765,0.622122480192463,5546.84905276965,0.468938545551806,eb,psi,grad,6400,40,9
101288.640170581,0.611889212461922,5496.14673866262,0.466790402331992,eb,psi,grad,6400,41,9
103445.967104486,0.618371134334503,5767.12783757062,0.478159234463849,eb,psi,grad,6400,42,9
107633.112993053,0.630761790053837,6064.57259043927,0.490334958818103,eb,psi,grad,6400,43,9
88336.7220024368,0.571430038217528,4672.5902428957,0.43039935044883,eb,psi,grad,6400,44,9
99970.5074201691,0.607894724713928,5297.16588451534,0.458262737436025,eb,psi,grad,6400,45,9
92041.4315998262,0.583289433209708,4843.84639026619,0.438215706481348,eb,psi,grad,6400,46,9
104767.755345801,0.622309235115676,5561.12593689616,0.469541651814591,eb,psi,grad,6400,47,9
107518.541480218,0.630425989238268,5910.72603715226,0.484075578849899,eb,psi,grad,6400,48,9
100021.416146504,0.60804948639375,5381.8173145483,0.461909861351634,eb,psi,grad,6400,49,9
192769.601796443,0.844134599401426,15568.0167795108,0.785614343118111,eb,psi,div,6400,40,12
198640.848068807,0.856893220315679,16702.9547027049,0.81374701784887,eb,psi,div,6400,41,12
200083.96314405,0.86000022903926,16626.0911599916,0.811872511108492,eb,psi,div,6400,42,12
193843.523818295,0.846482676205854,15992.7543101956,0.79625906768062,eb,psi,div,6400,43,12
201005.212666555,0.861977811127252,17199.536614186,0.825754846930975,eb,psi,div,6400,44,12
207395.221433263,0.875571867802927,17874.8871787888,0.841810644527732,eb,psi,div,6400,45,12
195447.391582417,0.849977375193504,16226.4080383891,0.802054638379316,eb,psi,div,6400,46,12
190489.521882698,0.839127535113699,15946.9549258632,0.795118103440701,eb,psi,div,6400,47,12
209118.891446322,0.879202795691756,17726.5826799852,0.838311200402323,eb,psi,div,6400,48,12
184124.53098335,0.824989180943099,14543.2481245405,0.759317597969633,eb,psi,div,6400,49,12
360998.710089246,1.15516827047854,18841.874218526,0.864280687020282,eb,psi,uvq,6400,40,12
300931.307792913,1.05469311905454,17714.1865972786,0.838018036386388,eb,psi,uvq,6400,41,12
300933.29629703,1.05469660366729,15952.8620825241,0.79526535576385,eb,psi,uvq,6400,42,12
270512.636366414,0.999968236031196,15680.5806805208,0.788449403648121,eb,psi,uvq,6400,43,12
340700.386895963,1.12222190028224,14355.4321992461,0.754398636029095,eb,psi,uvq,6400,44,12
249089.226863432,0.959555057292147,12451.294233177,0.70258683264986,eb,psi,uvq,6400,45,12
327181.254500939,1.09973141930822,15790.3749833126,0.791204921702637,eb,psi,uvq,6400,46,12
288777.464776251,1.03317544523567,15796.2813172598,0.791352881570083,eb,psi,uvq,6400,47,12
317886.696485251,1.08399830457343,16558.7792011181,0.8102273813796,eb,psi,uvq,6400,48,12
270935.175300099,1.00074890315838,15431.1314506129,0.782152870962507,eb,psi,uvq,6400,49,12
121416.576887375,0.669933073418084,7125.67035496633,0.531502879840248,eb,psi,grad,6400,40,12
104980.389727582,0.622940427730418,5689.59832183673,0.474934328528657,eb,psi,grad,6400,41,12
108384.120146338,0.632958526516721,6011.49721575927,0.48818460922807,eb,psi,grad,6400,42,12
107237.515812255,0.629601564909776,5428.13635860632,0.463893334970819,eb,psi,grad,6400,43,12
105162.631560602,0.623480893332327,5779.99273774334,0.478692259242031,eb,psi,grad,6400,44,12
113660.937782502,0.64818360793064,6488.52297684168,0.50718416030428,eb,psi,grad,6400,45,12
99230.6832689142,0.605641208345473,5151.55253690822,0.451920273917377,eb,psi,grad,6400,46,12
104506.368158373,0.621532444369728,5704.5383337309,0.47555747205145,eb,psi,grad,6400,47,12
100871.742628386,0.610628665678483,5166.45143632483,0.452573305546502,eb,psi,grad,6400,48,12
104259.561738394,0.620798092601827,5365.04926945107,0.461189717267635,eb,psi,grad,6400,49,12
